topic_id,topic_category,document_count,positive_count,neutral_count,negative_count,overall_summary,positive_summary,neutral_summary,negative_summary
0,Management,4704,2607,573,1524,"Employees at Apple and Amazon report mixed sentiments about their workplaces. On the positive side, both companies are praised for their innovative cultures and cutting-edge technologies. However, there is significant concern over the rigid hierarchies at Apple and the demanding work environments at Amazon. Both companies offer robust benefits and perks but face criticisms related to long working hours, low wages, and a disconnect between expectations and outcomes. Additionally, employees at Amazon feel undervalued and disconnected from decision-making processes, especially in higher-level management roles. Despite these issues, the overall perception leans towards a dynamic and evolving workplace that balances innovation and challenge. This analysis suggests that while both companies have strong elements of success, they also struggle with systemic problems that affect employee satisfaction and retention. Understanding these dynamics can help organizations address common pitfalls and","Employees at both Apple and Microsoft value the company's innovation and supportive culture but face several challenges. At Apple, they appreciate its benefits and career development opportunities but struggle with a demanding work environment, infrequent managerial changes, and perceived lack of transparency. Concerns include ineffective performance evaluations and undue influence from management. Microsoft employees enjoy collaborative environments and opportunities for growth but encounter delays in decision-making due to complex approval processes and frequent organizational restructuring. Despite these drawbacks, both companies offer substantial advantages, fostering an atmosphere conducive to teamwork and professional development. Addressing structural issues like bureaucracy and inflexibility could improve the overall experience and retention rates.","Employees at both companies report consistent dissatisfaction with management practices. They criticize the rigid hierarchical structure, frequent reprimands, and lack of transparency in decision-making. While praising the innovative nature of the company and potential for career advancement, they also note issues with work-life balance, promotion opportunities, and an overall toxic work environment characterized by micromanagement and unrealistic expectations. Despite occasional positive aspects such as innovation and flexibility, the majority of reviews highlight significant drawbacks including unfair treatment, limited career growth, and the accumulation of ""deadwood"" within the organization, which detracts from productivity. Both companies emphasize efficiency but at the expense of employee well-being, leading to high turnover rates and a negative work environment. While there are some positives, the negatives seem to outweigh the benefits, resulting in a somewhat mixed sentiment","Employees consistently express dissatisfaction with management practices, particularly regarding bias, transparency, and job security. Negative reviews highlight issues such as unfair hiring processes, lack of job security for vendor hires, excessive workload, shallow technical expertise, and a toxic work culture characterized by backstabbing, micromanagement, and unrealistic expectations. Additionally, concerns are raised about the impact of AI on privacy and the company's overall focus on short-term gains rather than long-term innovation. Overall, employees feel undervalued, unsupported, and unable to advance professionally within the organization. These negative experiences contribute to a perception of the company as"
1,Other,2167,1372,383,412,"Employees at Microsoft generally appreciate the positive aspects of their workplace, such as supportive colleagues, flexible work arrangements, and robust benefits packages. They also acknowledge the company's ability to foster innovation and provide ample opportunities for skill development. However, they frequently express frustration with the pervasive nature of politics and bureaucracy, which can hinder professional advancement and create a toxic work environment. Despite these challenges, many employees believe that the company fosters innovation and provides ample opportunities for skill development. The overall tone leans towards dissatisfaction, particularly regarding the lack of transparency in compensation and the perceived favoritism in performance evaluations. While some employees view the company positively, others feel overwhelmed by the constant need to navigate complex interpersonal dynamics and maintain a favorable relationship within the organization to advance professionally. The company is praised for its benefits and work-life","Employees consistently express dissatisfaction with the company's politics, particularly regarding promotions, decision-making processes, and workload distribution. While some praise the company's benefits, flexible work arrangements, and technological advancements, concerns arise over the lack of transparency, favoritism, and the pressure to maintain positive reviews through manipulation. Despite these challenges, many highlight the company's commitment to innovation, talent development, and global reach, though these aspects come with significant risks and complexities. Feedback suggests that navigating the organizational landscape requires careful consideration of both professional and interpersonal dynamics. The overall sentiment leans negative, indicating ongoing issues that could hinder long","Employees generally appreciate Google's strong benefits, perks, and brand value. However, they express significant dissatisfaction with middle management's political influence, slow decision-making processes, and lack of transparency. Many feel that the company's size and structure create an overly bureaucratic environment, leading to delays and reduced innovation. Additionally, there is criticism regarding the promotion and career advancement processes, which are seen as heavily influenced by politics and favoring individuals who maintain connections within the company. Despite these challenges, employees highlight positive aspects such as the quality of work-life balance, collegiality among peers, and access to advanced technology and","Employees consistently express dissatisfaction with Microsoft's corporate culture, particularly regarding politics, lack of transparency, and perceived favoritism towards certain groups. While benefits are mentioned positively, the majority of reviews criticize the company's management practices, including unfair treatment of employees, lack of career progression opportunities, and excessive emphasis on superficial metrics like stack rankings. Feedback highlights issues with decision-making processes, ineffective communication, and a toxic work environment characterized by frequent reorganizations and micromanagement. Despite occasional praise for specific aspects like benefits and work-life balance, these positive elements are overshadowed by widespread criticism. Overall, the sentiment is"
2,Compensation,1738,1238,336,164,"Employee reviews reflect a mixed sentiment regarding compensation across different aspects such as benefits, salary, and equity structures. Positive sentiments include appreciation for the company's focus on employee welfare and recognition, but criticisms also exist. Concerns arise from the lack of transparency in compensation decisions and perceptions of rigid career advancement paths. Despite offering competitive benefits and compensation packages, there is an overall sense of dissatisfaction due to perceived unfairness and insufficient upward mobility. Specific issues highlighted include poor work-life balance, undervaluation, and excessive stress levels. These factors contribute to a predominantly negative sentiment, emphasizing the need for better alignment between compensation offerings and individual needs. The recurring themes underscore the importance of addressing these concerns to enhance employee satisfaction and retention.","Employees generally appreciate Microsoft's strong camaraderie among peers, opportunities for personal and professional growth, recognition of individual achievements, access to advanced technology and state-of-the-art facilities, competitive compensation packages, flexible work arrangements, and a supportive work environment. While positive, there is a recurring theme of challenges related to limited career progression opportunities, particularly in full-stack roles, and difficulty in transferring between different technical domains. These experiences suggest that while Microsoft offers a positive working environment, there could be room for improvement in terms of broader career paths and resource allocation. The company's current structure seems to favor specialized areas within software development, limiting career growth opportunities for some employees. To address this, Microsoft should consider expanding its offerings to include more versatile roles and potentially streamline internal transfer processes to facilitate smoother career transitions. This","Employees generally appreciate Amazon's comprehensive benefits package and its ability to provide a wide range of learning opportunities. However, concerns arise regarding the lack of flexibility and autonomy, especially in terms of career advancement and workload distribution. While the company offers competitive salaries and stock options, some employees feel undervalued and underappreciated, leading to feelings of frustration and burnout. Additionally, the frequent turnover of leadership and organizational restructuring create uncertainty and instability, impacting morale and productivity. Despite these challenges, the majority of employees view Amazon as a supportive and collaborative workplace, emphasizing the importance of teamwork and continuous learning.","Employees generally appreciate the positive aspects of their compensation package, including generous benefits, flexible hours, and strong career progression opportunities. However, they frequently express dissatisfaction with the work environment, citing poor work-life balance, limited career growth paths, and frequent burnout among team members. Additionally, concerns arise over the quality of the technical output, particularly in terms of code readability and adherence to best practices. Many employees highlight the importance of clear communication channels and leadership support to address these challenges effectively. Overall, the sentiment leans negative, reflecting both financial rewards and perceived shortcomings in fostering a healthy, productive work culture."
3,Other,938,771,119,48,"Employees at tech giants like Amazon and other companies value the diverse range of experiences provided through internships and entry-level roles, including flexibility, free meals, and access to cutting-edge technology. However, they also face challenges such as micromanagement, limited growth opportunities, and a perception of favoritism among certain departments. Many feel frustrated with poor communication, unclear expectations, and an insufficient emphasis on practical application of skills. Despite these issues, employees appreciate the company's competitive salaries and benefits, which make them attractive for both internships and entry-level positions. The overall sentiment is mixed, with a majority expressing gratitude for the company's offerings while acknowledging specific areas for improvement. This highlights the complex dynamics of workplace satisfaction within high-growth environments. This final summary captures the essence of the original partial","Employees generally appreciate the diverse range of projects available at Microsoft Research, particularly those involving cutting-edge technology and collaboration with senior researchers. However, concerns include the competitive nature of the environment, frequent conflicts between team goals, and the lack of transparency regarding future career prospects within the company. Additionally, some interns express dissatisfaction with the level of intellectual challenge and the perceived lack of autonomy compared to academic settings. Despite these challenges, the majority view the overall experience positively, highlighting the opportunity to work alongside exceptional talent and access to state-of-the-art facilities. Recurring Employee Feedback: - Intellectual Challenge vs. Aut","Employees generally appreciate the structured nature of Amazon's internship programs, particularly those involving software engineering and operations leadership roles. However, concerns persist regarding communication, work-life balance, and the lack of clear direction and guidance. Some interns report feeling overwhelmed by the fast-paced environment and heavy workload, leading to burnout. Despite these challenges, the majority view the company culture positively, emphasizing work-life balance and supportive relationships among peers and mentors. While the high salaries and benefits attract talented individuals, the intense competition for full-time positions remains a notable issue. Overall, the internship experience offers valuable insights into Amazon's operational processes","Employees generally praise the fast-paced, challenging nature of their roles at Amazon, particularly for summer interns. However, many express frustration with the disorganization, poor communication, and lack of support from both managers and HR. They criticize the lack of autonomy, micromanagement, and unrealistic expectations. While some appreciate the opportunity to gain real-world experience, others feel exploited, especially regarding compensation and benefits. Overall, the experience varies widely depending on the specific role and department, with some finding value in the opportunities and others feeling overwhelmed and underutilized. The company's reputation for innovation and technology is well-d"
4,Benefits,952,763,95,94,"Employees generally appreciate the positive aspects of the benefits offered by the company, including free food, free drinks, free snacks, free gyms, free shuttle services, and various entertainment options. However, they criticize meeting schedules, lack of flexibility in work arrangements, and perceived inefficiencies in communication and decision-making processes. There are concerns about the pace of work, pressure to meet unrealistic deadlines, and a focus on short-term results rather than long-term strategic planning. Additionally, some employees feel dissatisfied with the company's approach to innovation and diversity, citing cutthroat and hierarchical cultures, subjective evaluations, and unfair dismissal practices. Despite improvements in amenities like free food and coffee, the overall experience remains challenging, especially regarding promotions and recognition. The culture is described as cutthroat and hierarchical, with a focus on","Employees generally praise the positive aspects of the company, such as supportive managers, great food, and opportunities for growth. However, there are also criticisms regarding meeting schedules, lack of flexibility, and certain work environments. Some employees appreciate the free food and drink options, while others find the cost of these items problematic. Additionally, there are concerns about the pace of work and potential burnout due to long hours and frequent overtime. Despite these challenges, overall sentiment remains favorable, with many expressing satisfaction with the company culture and compensation packages. The company appears to offer competitive salaries and benefits, including free food and drinks","Employees generally appreciate the benefits offered by the organization, including free food, entertainment facilities, and various wellness programs. However, concerns arise regarding the perceived elitism among high-level executives and the lack of opportunities for advancement within certain departments. Additionally, there are criticisms of the company's structure, particularly concerning the treatment of different departments and the overall work-life balance. While the perks are seen as decent, the perception of inequality and the difficulty in achieving career progression remain significant drawbacks. Overall, the benefits appear to be valued by employees, but the organizational dynamics and fairness of these benefits are sources of ongoing discussion and","Employees consistently express dissatisfaction with the company culture, leadership, and work environment despite numerous benefits. Negative reviews highlight political maneuvering, perceived favoritism towards upper management, and a toxic atmosphere characterized by constant backstabbing and micromanagement. While some praise the free food, amenities, and overall positive aspects, these are often overshadowed by the negative experiences. The culture is described as draining, with employees feeling constantly monitored and pressured to perform. Despite the presence of various perks, the core issue appears to stem from a lack of genuine engagement and respect among colleagues. The workplace is criticized for its rigid"
5,Compensation,1208,844,225,139,"Employees generally appreciate Amazon's compensation package, which includes generous benefits and payment structures. However, they frequently express frustration with long hours, repetitive tasks, and lack of variety. Some highlight positive aspects such as personal time, discounted services, and supportive colleagues. Others criticize the company culture, particularly regarding excessive overtime, poor communication, and insufficient breaks. Feedback suggests that while Amazon provides financial stability, the physical demands and monotony of the work can lead to burnout and dissatisfaction among employees. The overall sentiment leans towards mixed views, with both praise and criticism present. Key recurring themes include the importance of personal time, the need for more flexible working conditions, and the perception of a cold-hearted atmosphere. These criticisms suggest that while Amazon offers good financial rewards, the current workplace environment may be contributing to employee dissatisfaction","Employees generally praise Amazon's compensation packages, particularly noting high pay rates and generous benefits such as medical, dental, and vision coverage. Positive comments include appreciation for personal time off, discounted services, and strong support from management. However, concerns arise regarding long working hours, repetitive tasks, and occasional difficulties with scheduling. Some express frustration with the lack of clear direction and frequent overtime requirements, while others highlight the importance of maintaining a positive attitude despite these challenges. Feedback suggests that while the company values its workforce, there are ongoing efforts to address issues related to workload distribution and employee satisfaction. Overall, the sentiment leans","Employees generally appreciate the competitive compensation package offered by Apple Retail, including generous health benefits and retirement contributions. However, they express frustration with the demanding work schedule, particularly the long hours and repetitive tasks involved in various roles such as stowing and fulfillment associates. Some employees note that the company culture emphasizes efficiency and productivity, leading to a lack of social interaction among colleagues. Additionally, there are concerns about the fairness of promotions, with many feeling that their tenure and dedication are not adequately recognized compared to their peers. Despite these challenges, the majority of employees view the compensation as fair given the demands of the job.","Employees consistently express dissatisfaction with compensation, particularly regarding salary disparity between high-level executives and lower-tier employees. Negative reviews highlight long working hours, lack of breaks, and perceived favoritism among managers. Some praise benefits and positive aspects like flexible schedules, while others criticize the company culture as cold-hearted and unfriendly. Mixed opinions exist regarding pay equity, with some feeling underpaid despite receiving benefits. Overall, employees find the job demanding and exhausting, often citing insufficient breaks and poor management practices. While some appreciate certain perks, overall sentiment remains negative due to perceived wage disparities and unfavorable treatment. The company has been"
6,Work-Life Balance,1031,696,167,168,"Employees generally appreciate the positive aspects of their workplace environments, such as strong benefits packages, flexible schedules, and supportive colleagues. However, concerns persist regarding work-life balance, particularly among those in retail roles, where the nature of the work can be challenging and lead to burnout. Additionally, some employees express dissatisfaction with the pace of work, feeling pressured to meet unrealistic deadlines and expectations. Despite these challenges, the majority of respondents highlight the value of the company culture, including the emphasis on work-life balance and the potential for professional growth. Overall, the sentiment leans towards appreciation for the current state of affairs, but there is a growing recognition of the need for improvement in work-life balance and addressing the pressures faced by employees. The situation varies significantly based on role and location, with some finding significant advantages while","Employees consistently praise Amazon's excellent work-life balance, strong benefits packages, and supportive culture. However, they also note challenges such as customer service pressures, unrealistic goal expectations, and occasional work overload. Despite these drawbacks, many view Amazon as a great place to build a fulfilling career. Conversely, others express frustration with the company's rigid structure, frequent reorganizations, and perceived lack of support for work-life balance. Overall, the sentiment leans positive, highlighting Amazon's commitment to employee satisfaction despite potential downsides. Recurring Feedback: - **Work-Life Balance**: Employees appreciate the flexible scheduling and generous","Employees consistently express dissatisfaction with work-life balance across various tech giants like Microsoft, Amazon, and others. While some praise aspects such as flexible schedules, strong benefits, and inclusive environments, concerns arise regarding excessive workload, lack of autonomy, and perceived unfair compensation practices. Despite positive mentions of perks like health benefits and stock options, overall satisfaction wanes under the weight of demanding roles and rigid organizational structures. Feedback highlights the importance of clear communication, better alignment between expectations and outcomes, and addressing the root causes behind frequent reorganizations and managerial changes. These challenges underscore the need for improved transparency and fairness in decision-making","Employees consistently express dissatisfaction with work-life balance, citing excessive workload, lack of flexibility, and frequent overtime. Many highlight poor management practices, including micromanagement, unrealistic expectations, and insufficient support for personal needs. Additionally, concerns about compensation, particularly lower-than-average wages relative to hours worked, are raised frequently. Feedback suggests a toxic work culture that prioritizes productivity over employee well-being, leading to high turnover rates and strained relationships among colleagues. Overall, the sentiment towards the company is predominantly negative, emphasizing the importance of improving work-life balance and addressing managerial shortcomings. Recurring feedback includes: - **"
7,Compensation,757,387,237,133,"Employees generally appreciate the positive aspects of Amazon's compensation package, including decent pay and robust benefits. However, they express frustration with the rigid scheduling, particularly the long hours and inflexible work schedules. Many highlight the difficulty in advancing within the company, citing a lack of opportunities for growth and development. Additionally, concerns arise regarding the quality of leadership, with reports of poor communication and micromanagement. Some employees note challenges related to physical demands, such as standing for extended periods, and logistical issues like limited access to facilities and resources. While the majority view the workplace positively, there is significant dissatisfaction with the physical demands, long hours, lack of flexibility, and perceived poor leadership. The overwhelming workload and lack of variety in tasks also contribute to low satisfaction levels. Overall, despite some positive aspects, the","Employee reviews indicate generally positive sentiment regarding compensation, benefits, and workplace culture across multiple Amazon warehouse locations. However, recurring themes highlight significant drawbacks such as high turnover, inadequate rest periods, and excessive overtime requirements. Many employees express frustration with rigid scheduling, limited career progression, and perceived unfair treatment from management. Despite occasional praise for aspects like clear communication and supportive team dynamics, the majority of feedback points to challenges related to workload, physical demands, and lack of flexibility. Overall, while compensation appears adequate relative to other industries, the work environment remains challenging and potentially detrimental to long-term engagement and retention. Re","Employees generally appreciate the benefits provided upon joining, such as excellent vision and dental insurance, which contrasts sharply with the lower-than-average hourly wage. However, concerns arise regarding the lack of promotions, particularly for entry-level positions, despite the potential for conversion to permanent roles. The work environment is described as highly micromanaged, with frequent changes in supervisors and strict adherence to rigid schedules, including mandatory overtime. Despite the physical demands, many find the work monotonous and repetitive, especially during peak seasons. While some see the job as fulfilling, others express frustration with the lack of advancement opportunities and the perception","Employees generally appreciate the compensation package, particularly the pay and benefits. However, they express significant dissatisfaction due to long hours, physical demands, and the need to cut corners to advance. The work environment is described as physically demanding, with frequent overtime and unsafe conditions. Despite these challenges, many find the pay satisfactory, though some believe it falls short of industry standards. Feedback highlights the importance of physical endurance and resilience, while others emphasize the need for better workplace culture and support systems. Overall, the sentiment leans negative, with concerns about job satisfaction, safety, and career progression outweighing positive aspects. The majority"
8,Other,922,690,142,90,"Employees generally appreciate the company's strong benefits and perks, including free transportation, meals, and stock options. However, they express frustration with the demanding nature of retail work, particularly due to standing for extended periods. Many find the sales process repetitive and lacking in challenges. Additionally, some criticize the lack of upward mobility and the perceived lack of recognition for contributions outside of direct sales roles. On the positive side, the company offers great benefits and a supportive work environment, though some worry about the potential for burnout due to constant sales pressure. The overall sentiment is slightly negative, highlighting both the positives and negatives of working at the company. While employees value the company's reputation, competitive compensation, and diverse skill sets among colleagues, significant concerns arise regarding management practices, particularly concerning micromanagement, lack of","Employees generally appreciate Apple's strong benefits package, including discounts on products and services, and enjoy the retail environment where they can easily engage with customers. However, they often face repetitive tasks and lack motivation due to the high volume of sales required. Additionally, some employees express frustration with the rigid structure of management, particularly in terms of promotion processes and workload distribution. While the company offers significant financial rewards, concerns persist regarding the lack of career progression and the need for continuous improvement in areas like product education and customer engagement. Overall, the sentiment leans positive but tempered by practical challenges faced by employees daily. These issues include repetitive tasks, low motivation, and a rigid management structure, as well as concerns over career progression and the need for continuous improvement. Despite the positive aspects such as benefits and customer engagement, employees","Employees generally appreciate the positive aspects of the company, including the strong benefits, good workplace atmosphere, and competitive salaries. However, there are also concerns about the rigid hierarchical structure, limited advancement opportunities, and excessive bureaucracy. Some find the sales process cumbersome and overly prescriptive, while others feel undervalued and underutilized. Additionally, the company's emphasis on short-term performance metrics may lead to stress and burnout. Overall, the reviews highlight a mix of satisfaction and dissatisfaction, indicating a complex organizational climate that requires careful consideration for potential improvements. Recurring Feedback: - Limited advancement opportunities and","Employees generally praise the positive aspects of the company such as its brand reputation, high salaries, and supportive environments. However, negative reviews highlight significant issues including unrealistic quotas, lack of autonomy, poor management, and a culture centered around short-term gains rather than long-term success. Many express dissatisfaction with the company's approach to sales, particularly regarding the emphasis on quick wins and the perceived neglect of customer relationships. Additionally, concerns are raised about the company's structure, where seniority often determines promotion paths, leading to potential favoritism and a lack of meritocracy. Overall, while the company maintains a strong"
9,Work-Life Balance,1551,574,288,689,"Employee reviews consistently highlight issues related to work-life balance, particularly focusing on long working hours, low pay, lack of breaks, and unsafe conditions. These factors contribute to high levels of dissatisfaction and frustration among workers. Despite some positive aspects like flexible scheduling and occasional perks, the overall sentiment remains negative due to perceived discrepancies between promised benefits and actual conditions. Employees often cite rigid schedules, inflexible management, and unfair treatment as major sources of stress. The situation underscores the need for companies to address workplace culture and ensure fair treatment for all employees, rather than prioritizing profit above their well-being. This summary encapsulates the main themes from the provided partial summaries, emphasizing the widespread concerns about work-life balance and the resulting impact on employee satisfaction and morale. It highlights both the challenges faced by employees and the potential","Employee reviews indicate that work-life balance varies significantly across different organizations. While some companies offer strong benefits and clear communication, others face challenges like excessive overtime, lack of autonomy, and high turnover rates. Positive aspects include appreciation for flexible working arrangements and autonomy, which can lead to higher satisfaction among employees. However, criticism often centers around rigid disciplinary systems, unrealistic expectations, and unfair treatment, especially concerning promotions and compensation. These issues contribute to high turnover rates, though overall satisfaction is influenced by individual circumstances and job roles. To address these concerns, the HR department should implement more structured performance evaluations and provide additional support services to help employees manage stress and maintain work-life balance. Fostering a culture that values employees beyond productivity could also improve retention rates. #worklifebalance #flexibility #customerfeedback #","Employees at Amazon Fulfillment Centers face varied challenges due to inconsistent benefits and harsh working conditions. Despite positive mentions of health insurance and educational opportunities, issues such as physical strain, poor air quality, and frequent terminations significantly impact their job satisfaction. Short shifts and low pay contribute to financial instability, while limited opportunities for career advancement exacerbate feelings of isolation and disconnection from company culture. These factors collectively create an environment where employees struggle to achieve both professional and personal fulfillment within their roles. To improve, companies should focus on providing more consistent benefits, enhancing workplace safety, and fostering stronger relationships between employees and management. This would help mitigate the negative impacts on morale and productivity. Based on this analysis, it appears that Amazon needs to address its shortcomings in terms of supporting its workforce beyond just basic compensation and","Employee reviews indicate significant dissatisfaction with various aspects of employment, including lack of communication, inadequate benefits, poor work-life balance, and discriminatory practices such as ageism and nepotism. Many express frustration with management's unprofessional behavior and perceived favoritism, particularly among upper-level positions. Additionally, some highlight concerns regarding physical conditions in the workplace, such as insufficient ventilation and frequent injuries. Overall, the majority of reviews criticize the company culture and overall value proposition, suggesting that while some perks exist, they are overshadowed by systemic issues affecting employee morale and productivity. These factors contribute to a predominantly negative sentiment, with employees expressing frustration at both their immediate working environment and the broader organizational culture. The perception of unfair treatment and a lack of clear protocols for handling emergencies further exacerbate these issues, indicating a"
10,Compensation,1485,585,128,772,"Employees at Amazon report significant variations in compensation across different departments, with lower-paid roles like part-time MKE5 positions facing more unfavorable treatment than higher-paying ones such as Sales or Services. Some appreciate the company culture and product offerings, but overall sentiment is negative due to perceived exploitation and a lack of respect. Criticism centers on long hours, high-pressure quotas, and poor management practices including micromanagement and unfair treatment. Employees frequently cite difficulties in finding stable employment and note frequent turnover. The company is criticized for its rigid scheduling, lack of flexibility, and ineffective handling of workplace issues. Despite occasional praise for perks like direct deposit and discounts, the primary focus remains on dissatisfaction with pay structures and working conditions. These factors contribute to a predominantly negative sentiment toward Amazon.","Employees generally view Amazon as a positive place to work, praising its opportunities for growth and development, particularly among full-time employees. However, they express frustration with the demanding work schedule, inconsistent management support, and limited opportunities for advancement. Additionally, some highlight negative aspects such as poor customer service, inadequate work-life balance, and unfair compensation practices. Despite these challenges, many find the company's commitment to innovation and technology attractive. Overall, the sentiment leans towards a balanced perspective, acknowledging both positives and negatives. Recurring Feedback: - **Work Schedule**: High demand for availability, frequent scheduling changes,","Employee feedback indicates that compensation varies significantly among companies within the industry, with some offering decent pay and benefits while others offer low wages despite high demands. Communication between management and employees is inconsistent, with some praising open lines of communication and others criticizing unclear directives and frequent changes in schedules. Physical and mental stress from handling angry customers and irregular work hours are common complaints. While some employees appreciate autonomy and positive benefits like free transportation, others find the work challenging due to long hours, lack of flexibility, and unrealistic expectations. Overall, the experience ranges from tolerable to unbearable, depending on individual preferences and circumstances. Feedback","Employees consistently express dissatisfaction with Amazon's treatment of employees, particularly regarding management practices, workload, and compensation. Negative reviews highlight issues such as unfair pressure to meet sales targets, lack of flexibility in scheduling, and inadequate benefits. Many complain about constant harassment and unethical behavior from upper management. While some praise the company's financial performance, overall sentiment remains predominantly negative due to perceived mistreatment and lack of respect for employees' wellbeing. Feedback suggests that despite occasional positive aspects like fair pay, the majority of employees believe they are undervalued and treated poorly compared to other employers. These experiences contribute to a culture where"
11,Compensation,1007,673,151,183,"Employees generally appreciate Amazon's flexible compensation packages, particularly for full-time employment (FTE) positions. They acknowledge the importance of maintaining a positive work-life balance despite long hours and stressful conditions. Despite these positives, many express frustration with the lack of significant raises, increased responsibilities without corresponding pay increases, and perceived unfair treatment, especially among contractors. Concerns also arise over the company's rigid management structure and frequent organizational changes. The overall sentiment is predominantly positive but tempered by ongoing issues related to future prospects and potential downsides. Feedback indicates that while there are several positive aspects of compensation, such as generous bonuses and health insurance, there are also notable criticisms regarding scheduling, limited professional growth opportunities, and an emphasis on technological innovation at the expense of frontline workers, particularly those in customer service roles. The mixed","Employees generally appreciate Amazon's flexibility and competitive compensation, particularly for FTE roles. However, concerns arise regarding job stability, workload, and cultural differences across various departments. While stock options and benefits are highly valued, the review process and financial incentives are criticized. Additionally, some find the retail environment demanding and prone to conflict, whereas others praise the tech-focused nature of the company. Overall, the positive aspects outweigh the negatives, making Amazon a favorable workplace despite challenges.","Employees generally view the compensation package positively, with stock options and bonuses being particularly valued. However, they express dissatisfaction with the heavy workload, infrequent morale events, and perceived lack of flexibility in career progression due to arbitrary decision-making. Many highlight the high-pressure nature of the role, citing the expectation to manage multiple tasks simultaneously and the potential for burnout. Additionally, concerns are raised about the limited visibility into career advancement opportunities and the perception of favoritism among upper management. Despite these challenges, employees appreciate the strong support systems provided, including healthcare benefits, financial incentives, and generous parental leave policies.","Employees at Yard Specialist and other companies facing similar issues express dissatisfaction with reduced benefits, particularly lower-than-average compensation and inadequate stock options. They also criticize the company culture for being toxic and demanding, leading to strained relationships with management. Despite occasional appreciation for certain perks like health insurance and discounts, the overall sentiment is one of frustration and disappointment due to perceived undervaluation and lack of career progression. The company struggles with retention and fails to provide meaningful opportunities for growth. These factors contribute to an environment where employees feel undervalued and underappreciated compared to their contributions. The perception is that the company prioritizes short-term gains over long-term sustainability."
12,Work-Life Balance,575,309,74,192,"Employees at Facebook report consistent dissatisfaction with their work-life balance, primarily due to boredom from repetitive tasks, infrequent progress reviews, and long working hours. They also face infrequent promotions and perceived favoritism, contributing to feelings of stagnation and disengagement. Although many appreciate the high salaries and benefits, including strong compensation packages, they frequently express frustration with the lack of meaningful work, slow progress, and frequent political maneuvering. Despite acknowledging the positive aspects such as camaraderie and access to perks, the overall sentiment remains negative, emphasizing the need for more flexible and autonomous work environments that prioritize meaningful engagement and professional growth over efficiency and productivity. The culture at Facebook seems to value quick results and adherence to company policies over fostering an innovative and creative atmosphere conducive to personal development and career advancement.","Employees consistently praise the positive aspects of their workplace culture, including supportive colleagues, excellent benefits, and a strong sense of community. However, they also express frustration with the monotony of routine tasks, particularly in roles requiring repetitive labor such as assembly-line work or data entry. Many feel that progress towards career advancement is slow, and that the pace of change within the organization is too slow to keep up with technological advancements. Additionally, some employees report feeling undervalued due to the lack of recognition for their contributions, despite receiving generous benefits. Overall, while the majority view the workplace positively, concerns about job","Employees generally appreciate the flexibility and casual dress code at Apple, finding it refreshing compared to traditional corporate environments. However, the monotony and repetitiveness of tasks, particularly those involving technology, are widely criticized. Many express frustration with the rigid structure and lack of upward mobility, viewing these aspects as limiting career prospects. While some highlight positive aspects such as benefits and learning opportunities, others note significant drawbacks including long hours, infrequent breaks, and a lack of social interaction. Overall, the review suggests a mixed sentiment towards employment at Apple, with both strong points and notable criticisms. The workplace culture appears to","Employees consistently express dissatisfaction with various aspects of their work environment, including: - **Lack of Recognition**: Many reviewers criticize the lack of appreciation for their efforts, particularly regarding promotions and career advancement opportunities. - **Poor Management Practices**: Issues include excessive paperwork, micromanagement, and poor communication among upper management. - **Bureaucratic Red Tape**: Employees frequently complain about lengthy and unnecessary procedures, which detract from productivity and morale. - **Low Pay Satisfaction**: While salaries are generally considered competitive, some employees note that the financial rewards do not align with the perceived value of their contributions."
13,Work-Life Balance,827,569,147,111,"Employees at all companies mentioned appreciate their respective cultures and technological advancements, yet many feel constrained by rigid structures and bureaucratic procedures. Microsoft faces particular issues with politics and bureaucracy, slow decision-making, and outdated systems, while Google values flexibility and collaboration but grapples with accountability and career advancement. Despite these challenges, both companies offer unique advantages that attract talent, highlighting the complex interplay between cultural fit and operational efficiency in tech industries. The criticisms suggest a need for greater transparency and agility in corporate governance to better align with employee aspirations for growth and autonomy.","Employees generally appreciate Apple's innovative culture and technological advancements, despite feeling overwhelmed by rapid changes and secrecy. Microsoft is praised for its structured processes, excellent benefits, and diverse opportunities, though some criticize the slow-moving bureaucracy and inflexibility. Google is noted for its dynamic environment, extensive resources, and global influence, albeit with concerns over efficiency and bureaucracy. In contrast, Amazon is highlighted for its focus on innovation, agility, and direct customer interaction, but criticized for its heavy reliance on automation and potential downsides from its massive scale. LinkedIn emphasizes its collaborative culture, robust features, and international presence, but","Employee feedback indicates that Microsoft offers opportunities for significant impact through innovation and collaboration, particularly among high-level executives and developers. However, the company faces challenges related to bureaucracy, outdated systems, and slow decision-making processes, which can hinder progress and limit individual career advancement. Despite these drawbacks, employees appreciate the company's commitment to providing excellent benefits and fostering a dynamic work environment. Overall, while the company remains a strong employer, it requires ongoing effort to address systemic inefficiencies and promote greater agility and responsiveness. Recurring Feedback: - Bureaucracy and slow decision-making processes - Outdated","Employees consistently express dissatisfaction with the pace of career advancement, particularly for program managers, despite positive comments about the workplace culture and opportunities for growth. Concerns include slow-moving organizational structures, resistance to change, and ineffective communication channels. Senior management is perceived as disconnected and slow to make decisions. While the company offers diverse technological challenges and strong compensation packages, employees note significant delays in project timelines and difficulty collaborating across departments. Additionally, the large size and bureaucracy of the organization are cited as major drawbacks, leading to a perception of inefficiency and stagnation. Despite these criticisms, employees appreciate the chance to work with"
14,Workplace Culture,680,599,53,28,"Employee reviews indicate a diverse range of positive and negative sentiments towards workplace culture across various industries. While some praise the innovative and collaborative nature of Apple, others criticize the secretive and rigid organizational structures. Google is highly regarded for its inclusive and supportive culture, despite occasional bureaucratic hurdles. Amazon is celebrated for its dynamic work environment and emphasis on personal development. Microsoft is appreciated for its cutting-edge technologies and collaborative spirit, though concerns exist regarding rapid growth and lack of career advancement opportunities. Facebook is commended for its vibrant social atmosphere and strong work-life integration, albeit criticized for its demanding work schedule. Reviews highlight the importance","Employees generally praise Google's diverse and intellectually stimulating workplace culture, emphasizing enthusiasm, intellectual engagement, and collaborative environments. Positive aspects include flexibility, strong leadership, and a commitment to innovation and customer satisfaction. However, concerns arise regarding bureaucratic structures, lack of personal autonomy, and inconsistent priorities among departments. Mixed views exist on the impact of external factors like market pressures and organizational scale on the culture. Overall, while many appreciate the company's values and practices, some express frustration with perceived constraints and inconsistencies. Feedback highlights the importance of maintaining a balanced perspective on the culture's evolution and adaptability to changing circumstances.","Employee feedback suggests a dynamic yet demanding workplace culture at Amazon, characterized by rapid change, customer-centric priorities, and a frugal approach to resources. While praised for fostering creativity and innovation, the environment is noted for its intensity, lack of work-life balance, and perceived neglect of employee well-being. The culture varies significantly across teams, with some praising openness and others criticizing rigid hierarchies and a ""culture of fear."" Despite these challenges, employees appreciate the chance to grow professionally and engage with diverse projects, although they often feel overwhelmed by the pace and complexity of tasks. Feedback highlights both strong points—","Employees consistently express dissatisfaction with the workplace culture at various companies, highlighting themes of high pressure, lack of autonomy, and perceived favoritism towards certain groups. Negative reviews often cite a toxic atmosphere characterized by fear, low morale, and unrealistic expectations. Some praise the company’s strong professional ethos and supportive benefits, while others criticize the rigid hierarchy and lack of opportunities for personal development. Overall, the culture is described as demanding yet lacking in genuine engagement and meaningful growth prospects. Recurring Feedback: - Toxic work environment with high pressure and unrealistic expectations. - Lack of autonomy and clear career progression."
15,Technology,1584,1322,184,78,"Employees at Amazon and Microsoft share mixed views on their respective companies. Both platforms excel in areas like innovation and diversity, yet face challenges such as pressure from performance metrics, hierarchical structures, and cultural differences. Amazon is praised for its commitment to excellence but criticized for difficulties in fostering collaboration and inclusivity. Microsoft is commended for its technological capabilities but faced with issues including an inflexible organizational setup, a challenging work environment, and intense working conditions. Despite these challenges, both companies emphasize their dedication to maintaining high standards and adapting to evolving markets. However, there is growing recognition within both organizations of the need for improvements in flexibility, communication, and value alignment across different teams and levels. Rapid growth and reliance on external partnerships present both opportunities and obstacles for both companies. Overall, employees advocate for greater focus on","Employees consistently highlight positive aspects of working at Amazon, including the supportive culture, opportunities for personal and professional growth, and the chance to work on impactful projects. However, they also express concerns about burnout, high levels of stress due to unrealistic expectations, and a lack of work-life balance. Many note the importance of collaboration and innovation, particularly in technical fields, but also acknowledge the challenges of managing larger organizations. Overall, the sentiment leans slightly negative regarding the company's ability to adapt quickly to market changes and provide meaningful incentives for employees. While the company is praised for its technological prowess and global reach,","Employee reviews generally praise Amazon's innovative culture, collaborative environment, and commitment to employee development. However, concerns include heavy micromanagement, inflexible structures, and limited career progression opportunities beyond Seattle. While valued for its rapid pace and entrepreneurial spirit, the company faces challenges related to scaling, coordination, and adapting to changing priorities. Overall, employees appreciate the company's dedication to technology and customer satisfaction, but express frustration with bureaucratic procedures and rigid organizational hierarchies. The reviews highlight a dynamic yet sometimes disjointed workplace that offers both advantages and drawbacks. Recurring Feedback: - Heavy Micromanagement","Employees generally express negative views about the workplace atmosphere, lack of innovation, and poor work-life balance. They criticize the defensive and unsupportive work climate, lack of interest in challenging the status quo, demanding and intense work environment, and rigid management structures. Concerns include a narrow focus on short-term results, lack of diversity, and difficulty switching roles. While acknowledging the technical expertise and potential impact of the company, employees emphasize the importance of a supportive and inclusive culture. Overall, the sentiment is predominantly negative, highlighting significant areas for improvement in terms of fostering a more engaging and equitable work environment."
16,Work-Life Balance,462,306,119,37,"Employees at Google, Apple, and Microsoft all praise their companies' comprehensive food options, transparent communication around projects, and dedication to employee well-being. Despite these positives, they criticize the rigid organizational structures, especially in managerial levels, leading to perceived bias against specific teams. The companies also struggle with resource allocation, focusing too much on innovation without adequate funding, causing inefficiencies. Moreover, many engineers find themselves constrained by decision-making power, experiencing undue stress due to heavy workloads and micromanagement. Senior leaders acknowledge the robust compensation packages but lament a dearth of growth opportunities, finding it difficult to develop skills effectively. Middle-management feels unsupported in fostering innovation and maintaining autonomy, contributing to overall dissatisfaction. While each company offers a balanced lifestyle for select roles, the collective narrative suggests an imbalance between financial rewards","Employees generally praise Google's comprehensive benefits package, particularly food and transportation perks. However, they express frustration with excessive bureaucracy and lack of autonomy, especially in managerial positions. Despite these challenges, Google remains highly regarded for its innovative culture and strong work-life balance. Conversely, Apple Store Leaders appreciate the diverse learning experiences and varied daily routines, though some stores struggle with program implementation. Microsoft employees highlight excellent benefits, advanced technology access, and collaborative environments, albeit noting organizational inefficiencies and micromanagement. Amazon praises flexible work arrangements and a fast-paced, results-driven atmosphere, while Facebook emphasizes competitive salaries and robust","Employees consistently express dissatisfaction with Microsoft's rigid hierarchy and frequent layoffs, despite positive aspects such as robust benefits and advanced technology. Feedback highlights issues including unfair stacking, excessive overtime, and unclear performance evaluations. While some appreciate the company's commitment to innovation and development, concerns about stagnation and lack of upward mobility persist. Mixed views exist regarding work-life balance, with varying degrees of appreciation for flexible schedules and remote options. Concerns also arise over politics within management, particularly affecting promotions and lateral moves. Despite these challenges, employees praise the company's culture of collaboration and continuous learning. However, the overall sentiment leans","Employees express dissatisfaction with health and safety protocols, citing high injury rates and blame for poor working conditions. They criticize leadership for favoritism towards internal hires and lack of transparency in compensation packages. Concerns about work-life balance include long hours, inflexible schedules, and unrealistic expectations. Many highlight the importance of diversity and inclusion, yet note challenges in finding suitable mentors and development opportunities. Feedback suggests a toxic work environment characterized by micromanagement, low morale, and frequent turnover. While some praise specific aspects like benefits and flexibility, overall sentiment remains negative. Key recurring themes include frustration with rigid evaluation processes,"
17,Work-Life Balance,695,538,75,82,"Employees at Amazon appreciate the company's unique approach to work-life balance, with perks such as free snacks, on-site gyms, and flexible schedules being highlighted. However, concerns remain over inconsistent workloads, unclear direction, and perceived favoritism within different teams. Many find it difficult to achieve a balanced lifestyle, especially during peak seasons. The company's size and rapid growth contribute to inefficiencies and feelings of disconnection from broader goals. Despite these challenges, employees value the opportunity for professional growth but face difficulties balancing work and life due to stress and burnout risks. To improve, fostering better work-life integration is seen as crucial for enhancing job satisfaction and productivity. --- **Note:** This final summary incorporates key elements from both partial summaries, synthesizing them into a coherent narrative that captures the","Employees generally appreciate Amazon's unique approach to work and life balance, with positive comments including flexibility, strong benefits, and a supportive culture. However, concerns include difficulty maintaining a work-life balance, especially during organizational changes, and occasional feelings of isolation among older employees. Despite these challenges, many find the company rewarding and inspiring, particularly for those interested in cutting-edge technologies and innovation. Feedback suggests that while Amazon excels in fostering creativity and collaboration, it may struggle to strike a perfect balance between professional demands and personal responsibilities. The company appears to offer robust support systems, yet faces criticism regarding communication clarity and workload","Employees generally appreciate Apple's strong emphasis on work-life balance, citing generous vacation days and lack of micromanagement. However, they express frustration with constant reorganizations, demanding schedules, and perceived lack of flexibility. While most see the company culture positively, some criticize the absence of clear career paths and the high-pressure nature of the role. The overall sentiment leans towards a balanced view, acknowledging both positives and negatives without favoritism. Recurring Feedback: - **Work-Life Balance**: Most employees value Apple's commitment to work-life balance, particularly noting generous vacation days and minimal micromanagement.","Employees consistently express dissatisfaction with Amazon's work-life balance, citing factors such as excessive workload, lack of support, and unfair promotion practices. While some appreciate the company culture and opportunities for growth, many struggle with balancing professional responsibilities with personal life. Feedback highlights issues related to stress, burnout, and a perceived lack of compassion toward employees' needs. Despite positive aspects like free snacks and occasional breaks, overall sentiment remains negative, particularly regarding the impact of remote work arrangements on productivity and mental health. The company culture is often described as fast-paced and competitive, leading to feelings of isolation and disconnection from"
18,Other,488,426,40,22,"Employees at Google and other tech companies report a mixed experience, highlighting both positive aspects and significant challenges. The positives include a strong sense of community, continuous information flow, diverse learning opportunities, and attractive benefits. However, they also face crowded campuses that lead to distractions and difficulties in finding quiet spaces. There is criticism about unclear guidelines and frequent reorganizations, which can result in conflicts between departments. The high-pressure environment for innovation is noted, sometimes stifling creativity and thoroughness. Concerns about workplace politics, excessive perks, and a lack of genuine engagement from upper management are raised. Some employees appreciate the benefits but criticize the overall state of the industry due to dilapidated work environments and outdated technologies. Toxic work cultures, especially concerning parental leave and family-friendly policies, are also highlighted. Overall,","Employee reviews generally praise Google's strong culture, extensive learning opportunities, and diverse benefits. Positive aspects include a collaborative atmosphere, continuous communication, and frequent guest lectures. However, concerns arise over noise levels, limited flexibility, and perceived inefficiencies due to excessive documentation. Additionally, some reviewers express frustration with the pace of change and the perception that certain departments prioritize short-term gains over long-term strategy. Overall, the sentiment leans positive, highlighting the company's commitment to employee welfare and professional development. While challenges persist, the majority of respondents view Google as a highly desirable workplace despite occasional drawbacks. Recurring Feedback","Employees generally appreciate Apple's inclusive environment, diverse benefits, and relaxed workplace culture despite occasional challenges. However, concerns arise over management quality, perceived inequality among teams, and the pressure to perform consistently. Some highlight positive aspects like flexibility, while others criticize the rigid structure and frequent organizational changes. Overall, the sentiment leans towards a balanced view, acknowledging both advantages and drawbacks. Recurring Feedback: - **Management Quality**: Criticisms about low management standards and difficulty in advancing within the organization. - **Team Dynamics**: Concerns about unequal treatment based on personal beliefs and cultural fit. - **Work","Employees express dissatisfaction with excessive perks, particularly food and social events, which they view as draining and isolating. Many criticize management for not valuing introverted employees and for fostering a toxic workplace culture. While some praise the company's technology and benefits, others highlight significant downsides including lack of career progression, poor work-life balance, and frequent turnover. The overall sentiment is negative, with concerns about corporate culture, management practices, and the perception of favoritism among upper-level executives. Employees frequently mention financial incentives, such as free lunch programs and tuition reimbursement, as sources of discontent. The tone ranges"
19,Compensation,347,234,88,25,"Employees at Amazon have mixed views on their compensation package. While many appreciate the innovative culture and focus on data-driven decisions, concerns persist over workload issues, especially in areas like fraud analysis and inventory control. There are also criticisms of the rigid hierarchical structure and perceived lack of support for career progression. These factors contribute to an overall negative sentiment, with recurring themes of poor work/life balance and insufficient opportunities for personal growth. The company's emphasis on efficiency and speed is seen as creating a mismatch between expectations and actual experiences, leading to feelings of frustration and underutilization of skills.","Employees generally appreciate the innovative nature of Amazon, particularly its focus on data-driven decision-making. However, they also face significant workload pressures, especially around the holiday season, and struggle with turnover rates, which limit stability and collaboration. Despite these challenges, the company offers excellent benefits, including generous maternity leave, and a strong sense of community among employees. While some positions offer unique opportunities for advancement and creativity, others emphasize efficiency and profit-oriented goals, potentially detracting from individual development. Overall, the positive aspects outweigh the negatives, making Amazon a highly regarded employer despite occasional operational difficulties. Recurring Feedback:","Employee reviews indicate that Amazon offers flexibility in work arrangements and opportunities for innovation, particularly in areas like product development and digital services. However, the company also faces challenges such as high turnover rates, irregular schedules, and inconsistent recognition of contributions. Salaries are generally competitive, but some employees report feeling undervalued compared to similar positions in other companies. Additionally, the culture is described as aggressive and focused on achieving results, which can lead to burnout and a lack of work-life balance. Some employees appreciate the fast-paced nature of the work environment, while others find it stressful and chaotic. Overall, the","Employees generally appreciate the financial analyst position's positive aspects such as a supportive team, competitive compensation, and opportunities for personal and professional development. However, negative feedback highlights several areas of concern including excessive focus on detail, lack of clarity regarding goals, poor management practices, inadequate training, and strained work-life balances. Additionally, some analysts express dissatisfaction with the company's restructuring efforts, which lead to frequent layoffs, and believe the current leadership lacks qualifications for their positions. Overall, while the majority view the organization positively, these criticisms indicate significant room for improvement in various facets of the workplace experience. Recurring Feedback"
20,Workplace Culture,320,256,37,27,"Employees at Microsoft express mixed sentiments about the company. While they praise its global reach, technological innovations, and generous benefits, they also criticize frequent leadership changes, limited career growth opportunities, and an impersonal corporate culture that lacks focus on customer service. Despite these issues, many acknowledge the company's efforts to support talent development and innovation across various locations. The overall tone is predominantly positive, highlighting both the company's accomplishments and areas needing improvement. However, recurring themes such as frequent leadership turnover and perceived bias against certain departments contribute to a more negative perception. This reflects a complex reality where employees admire the company's strengths but grapple with systemic problems affecting their daily experiences. To address this, Microsoft should consider implementing measures to improve transparency, foster inclusivity, and enhance communication to better align with employee expectations and","Employees generally appreciate Microsoft's strong benefits, diverse career opportunities, and collaborative workplace culture. Concerns include rapid changes in organizational structure, lack of promotion opportunities, and perceived favoritism toward Redmond-based employees. While positive aspects outweigh negatives, the company faces challenges in balancing innovation with stability, particularly regarding remote location opportunities and promoting talent outside of Redmond. Overall, the workplace culture is praised for fostering creativity and teamwork, though efficiency and productivity may suffer due to excessive bureaucracy and inflexible processes. Employee satisfaction varies significantly depending on departmental focus and managerial approach. Recurring Feedback: - Employees appreciate the positive aspects such as great benefits, pay, and learning opportunities. However, there are concerns about leadership's use of overly technical language, which lacks meaningful content. The company places significant emphasis on profitability","Employees consistently express dissatisfaction with the culture in Redmond compared to subsidiaries, despite positive attributes in other locations. Feedback highlights issues including a disconnect between the campus and market, excessive internal competition, and a perceived shift towards a more hierarchical and politically driven atmosphere. While opportunities for career development exist, especially in subsidiaries, the culture in Redmond is often criticized for its rigid hierarchy and lack of inclusivity. Many employees also note challenges related to relocation, financial incentives, and the perception of favoritism within the organization. Despite these criticisms, some employees appreciate the broader scope of opportunities available through subsidiaries, though they","Employees consistently express dissatisfaction with Microsoft's workplace culture, citing high turnover rates, political climate, lack of innovation, and unfair treatment of remote workers. Negative reviews highlight issues such as inconsistent management, outdated systems, and a focus on metrics over creativity. While some praise the company's benefits and technology, others criticize the company's decision-making processes and its inability to adapt to market changes. Overall, the sentiment is predominantly negative, with employees feeling undervalued and disconnected from the broader company culture. The summary captures the main themes expressed in the reviews while maintaining neutrality and avoiding personalization. Recurring Feedback"
21,Compensation,238,12,225,1,"Employees at Amazon often praise the company's strong culture, diverse teams, and opportunities for growth, especially when considering the challenges faced during peak workload periods. Despite these positives, they express concerns about rigid expectations, lack of recognition, and poor working conditions, which can be particularly stressful during busy times. The company is commended for its benefits like flexible hours and remote work options, yet it faces criticisms over outdated equipment and insufficient support systems. While many view their roles positively, there are notable issues requiring improvement to enhance job satisfaction and performance. On the other hand, Google Paris provides a balanced experience with a supportive leadership structure, attractive benefits including free training and flexible working hours, although it struggles with administrative burdens that affect daily tasks. Amazon associates appreciate an open and inclusive atmosphere, diverse opportunities, and generous","Employees generally appreciate Amazon's supportive environment, opportunities for growth, and flexible working arrangements. However, some express concerns about long hours, rigid expectations, and limited mobility options. The compensation is highly valued, but there are also criticisms regarding potential rigidity in behavior norms and lack of progression prospects. Overall, Amazon is seen as a positive workplace with strong foundations, though improvements could be made in terms of flexibility and career advancement. Recurring Feedback: 1. Positive aspects include: - Supportive environment - Opportunities for personal and professional development - Flexible working conditions 2. Concern","Employees at various companies report mixed feelings about their compensation packages, work environments, and career opportunities. While some appreciate Amazon's innovative projects, high salaries relative to competitors, and supportive company culture, many criticize the lack of recognition, high turnover rates, and poor management practices. Concerns include the impact of remote work on productivity and relationships within the team, as well as issues related to salary parity, career advancement, and unclear communication from management. Overall, employees find their jobs enjoyable but feel underpaid and struggle with clear career pathways. The feedback highlights the importance of addressing these concerns through better communication and support systems. - Recurring Feedback: - Employees generally appreciate Amazon's innovative projects and products, as well as its commitment to employee welfare. However, they express frustration with high salaries relative to other",
22,Work-Life Balance,649,530,71,48,"Employees generally appreciate Apple's supportive environment, allowing self-expression and personal growth. However, concerns arise over excessive overtime, limited opportunities for advancement, and a toxic workplace culture characterized by constant threats and favoritism. Some note the company's commitment to innovation and customer satisfaction, despite occasional logistical challenges. Others criticize the company's rigid hierarchy and micromanagement practices, leading to feelings of isolation and resentment. Despite the positive aspects, many express dissatisfaction with the current leadership and organizational structure, citing a lack of transparency and fairness. Overall, the experience varies widely depending on individual circumstances and industry trends. Re","Employees generally appreciate Apple's supportive environment, allowing self-expression and fostering strong connections. However, concerns arise over extended work hours, potential conflicts within teams, and limited opportunities for growth. Despite these challenges, positive aspects include professional recognition, diverse hiring practices, and a welcoming atmosphere. Mixed views exist regarding workplace dynamics, particularly concerning interpersonal relationships and career progression. While Google offers significant benefits including flexible schedules, collaborative environments, and personal development opportunities, some users note logistical difficulties related to commuting and remote work arrangements. Microsoft is highly regarded as a nurturing organization, emphasizing teamwork and a commitment to employee satisfaction. These companies","Employees generally praise the company culture and value-driven approach, highlighting opportunities for personal growth and meaningful contributions. However, concerns include excessive workload, lack of flexibility, and difficulty finding meaningful tasks. Some express frustration with slow progress and stagnation, while others note the importance of teamwork and collaboration. Overall, the sentiment leans positive, emphasizing the company's commitment to fostering a supportive environment and encouraging innovation. While acknowledging challenges, employees emphasize their dedication to making the best use of their talents and skills. Recurring Feedback: 1. **Value-Driven Culture**: Employees consistently highlight the company's emphasis on values","Employees express dissatisfaction with work-life balance, citing long hours, micromanagement, and toxic culture. Many feel undervalued and unappreciated despite high expectations. Some praise specific aspects like product quality or company values, but overall sentiment is negative. Micromanagement and pushiness are highlighted as major issues. Lack of recognition and opportunities for advancement also contribute to frustration. Employee turnover rates suggest poor morale and low retention. Overall, the experience is described as draining and unsustainable. Recurring Feedback: - Long hours and excessive workload - Toxic workplace culture - Lack of appreciation and recognition"
23,Other,283,187,46,50,"Employees at Apple generally appreciate the company's commitment to diverse benefits and strong workplace cultures, particularly in roles like AppleCare. They value the autonomy and perks offered but often face challenges with long hours, lack of flexibility, and high stress levels. The work-from-home option can be isolating and demanding. Despite this, many see the positives as outweighing the negatives, making Apple an attractive employer for those looking for meaningful careers in the tech sector. However, there are also criticisms regarding the company culture, including a lack of work-life balance, high turnover, and toxic competition. Employees feel pressured by the fast-paced environment, leading to long working hours and unpredictable schedules. Pay issues, particularly for new hires, are another concern, with some attributing it to the perception that Apple is a dream employer","Employees generally appreciate Apple's commitment to diverse benefits and strong workplace culture, particularly in Austin. However, they express frustration with inconsistent performance evaluations, long wait times for products, and limited opportunities for career advancement. Some highlight positive aspects such as remote work flexibility, discounted products, and supportive colleagues. Others criticize the lack of meaningful promotions, unreasonable customer expectations, and poor customer service. Overall, the sentiment leans positive due to the company's reputation and generous benefits, yet concerns persist regarding job security and workload. Recurring Feedback: - Customer Service Expectations: Customers often demand iPhones without considering the warranty","Employees generally appreciate the generous benefits and perks provided by Apple, including discounted Apple hardware and software, vacation and sick time, and discounts on related companies' products. However, they express frustration with long hours, frequent phone calls, and limited personal time. Many find the work-from-home arrangement challenging due to isolation and lack of structure. Additionally, employees highlight the importance of strong interpersonal relationships within the company, noting that positive interactions with colleagues contribute to overall satisfaction. Despite the high salaries and benefits, employees frequently report feeling overwhelmed by the demands of the job, particularly in terms of managing customer complaints and maintaining productivity","Employees consistently express dissatisfaction with AppleCare's high-pressure, stressful work environment, lack of work-life balance, and unrealistic expectations regarding promotions and career progression. Many complain about inconsistent schedules, frequent changes in roles, and inadequate training. Despite occasional positive aspects such as benefits and discounts, the overall experience is described as draining and demotivating. Feedback highlights issues with management, customer service, and the company's commitment to employee welfare. While some appreciate the discounts and benefits, concerns persist about the quality of care provided to customers and the lack of meaningful career growth opportunities. The summary emphasizes the pervasive nature of these"
24,Work-Life Balance,228,153,29,46,"Employees at Netflix value the supportive work environment, including free food, free Netflix subscriptions, and generous benefits, but also experience significant challenges due to a rigid hierarchy and frequent leadership changes, which create uncertainty and stress. The company offers competitive salaries and strong benefits, yet many feel undervalued, micromanaged, and pressured to conform, leading to high turnover rates and dissatisfaction. Despite occasional praise for financial incentives and flexible schedules, the overall sentiment is critical, indicating that while Netflix initially attracted employees with its appealing culture, it ultimately fails to provide a balanced and fulfilling work environment. To improve, Netflix should address these issues by fostering more open communication, promoting fairness and respect, and providing clearer career advancement opportunities. This would help reduce feelings of being undervalued and micromanaged, thereby enhancing job","Employees generally appreciate Netflix's positive work environment, including supportive colleagues, competitive pay, and flexible schedules. However, concerns arise regarding the difficulty of maintaining a healthy work-life balance, particularly from less experienced employees. Many express frustration with the rigid hierarchy and frequent changes in management, leading to uncertainty and potential burnout. Despite these drawbacks, the majority believe that the company fosters creativity and innovation, offering ample opportunities for growth and recognition. Overall, the sentiment leans towards a balanced assessment, acknowledging both the positives and negatives of working at Netflix.","Employees at Netflix value their company culture for its focus on work-life balance, which includes free Netflix subscriptions, comfortable office spaces, and flexible working hours. They appreciate the freedom to manage their own schedules and take breaks when needed. However, there is also significant criticism about micromanagement, frequent changes in roles, and unclear expectations, which can lead to feelings of stress and burnout. Despite offering perks like free meals and entertainment, many employees feel that these benefits don't fully address the issues related to job security and career progression within the organization. The overall sentiment leans more toward negative than positive, with employees expressing mixed opinions on how well the company supports both personal life and professional growth. To improve, there seems to be a need for better communication and clear guidelines to help employees understand their roles and","Employees at Netflix report overwhelming dissatisfaction with their work-life balance, citing a toxic culture of fear, unfair treatment, and high turnover rates. They feel pressured to conform to a strict hierarchy where those in power frequently criticize subordinates, leading to anxiety and mistrust among staff. Despite occasional perks like free food and entertainment, the overall atmosphere is described as oppressive and disrespectful towards employees. Feedback suggests that Netflix prioritizes financial gain over genuine employee satisfaction, resulting in a hostile work environment characterized by micromanagement, lack of support, and frequent dismissals. While some acknowledge the potential for high pay and benefits, the negative impact on morale and job satisfaction is significant. The company's focus on negativity in communication further exacerbates this issue. Overall, employees' experiences highlight a need for improved workplace policies and support"
25,Work-Life Balance,205,9,194,2,"Employees at Apple generally appreciate the company's strong corporate culture, supportive team dynamics, and diverse benefits, despite occasional challenges. They express frustration with high workload demands, irregular schedules, and perceived lack of career advancement opportunities. Concerns include excessive focus on performance metrics, difficulties adapting to rapid technological changes, and feeling their contributions are often overlooked, leading to feelings of disconnection from leadership. Despite these issues, the company culture is described as dynamic yet sometimes overly competitive, contributing to burnout and low morale. While offering numerous advantages, the company faces challenges related to work-life balance and managerial support. Overall, employees' sentiments lean towards dissatisfaction due to perceived unfair treatment and limited progression paths.","Employees generally appreciate Apple's strong culture and supportive team atmosphere, despite occasional challenges like long hours and high workload demands. Positive comments highlight the company's commitment to employee development opportunities, while concerns include financial strain due to investment in employee training and potential lack of career advancement paths. Feedback suggests a need for better balance between work and personal life, particularly regarding communication styles and expectations among different departments. Overall, employees view Apple as a top-tier employer with significant room for improvement in terms of work-life integration and compensation structures. Recurring themes: 1. Strong company culture and supportive teams. 2. High","Employees generally appreciate the positive aspects of their workplace, such as a good work-life balance, friendly colleagues, and opportunities for personal growth. However, they also highlight several challenges including inflexible schedules, high turnover rates, lack of job security, and intense competition from other companies. The work environment is described as fast-paced with constant change, which can lead to stress and burnout. Despite these drawbacks, many employees find the company's innovative approach appealing, particularly its focus on technology and diversity initiatives. While there are some areas where improvements could be made, overall, the sentiment among employees remains largely positive. However, employees express dissatisfaction with the lack of breaks, high workload, and perceived unfairness in compensation and management practices. Some find the pace too fast and prefer more flexible schedules. The overall tone",
26,Work-Life Balance,260,123,51,86,"Employees at Amazon report mixed feelings about their work-life balance. On one hand, they appreciate the variety of roles and positive work environment, which includes robust benefits and training opportunities. However, the fast-paced nature of the work leads to long hours, irregular breaks, and unrealistic performance targets, causing exhaustion and dissatisfaction. Physical demands, exacerbated by walking long distances daily, add to these pressures. Mental health is also an issue; many face health problems like back pain from physical strain and mental stress from unrealistic expectations. Despite some appreciation for certain benefits and positive aspects, the overall sentiment is negative. Systemic issues include inadequate rest periods, unfair treatment, and poor communication between management and staff, contributing to a toxic work environment that makes employees feel undervalued and unable to improve their situations. This reflects broader","Employees generally appreciate Amazon's benefits and positive work-life balance, particularly the variety of roles available and the supportive culture. However, many express frustration with the fast-paced nature of the job, feeling rushed and underappreciated despite good pay and benefits. Some highlight logistical challenges such as limited break times and difficulty navigating the facility. Others criticize unrealistic performance metrics and low morale among lower-level employees. Despite these criticisms, overall satisfaction remains high, with most praising the company's commitment to employee welfare and growth opportunities. Key concerns revolve around workload intensity, organizational structure, and perceived lack of career progression. While","Employees generally appreciate the straightforward nature of the job, immediate benefits upon joining, and the four-day workweek. However, they express frustration with limited interaction with leadership, lack of proactive support, and perceived micromanagement. Many find the physical demands challenging, particularly the constant standing and walking for extended periods. Some highlight competitive environments within the team, while others note the importance of maintaining quotas despite occasional criticism. Overall, the job offers decent compensation and benefits, but challenges include burnout due to prolonged standing and minimal breaks. Feedback suggests potential improvements in communication and recognition systems to address worker dissatisfaction. Re","Employees consistently express dissatisfaction with low wages, excessive physical demands, unfair quotas, lack of breaks, and overall poor working conditions. Many complain about long hours, frequent writing-ups, and unsafe practices. Turnover rates are high due to the demanding nature of the job. While some praise benefits and positive interactions with coworkers, the majority find the work environment toxic and exploitative. Feedback highlights systemic issues including inadequate staffing, unrealistic expectations, and a culture of favoritism. Overall, the workplace is described as physically exhausting and emotionally draining, leading to high stress levels among employees. The summary captures the essence of"
27,Compensation,244,145,73,26,"Employees generally appreciate the challenging nature of their work, particularly in fields like data science and finance, where they can contribute significantly to solving complex problems. However, many express frustration with the demanding work schedules, including extended overtime and unpredictable on-call responsibilities. Additionally, concerns arise over the lack of transparency in promotions and career development paths, as well as the perceived bureaucracy within the organization. On the positive side, employees value the supportive corporate culture, robust benefits packages, and opportunities for professional growth. Nevertheless, there is significant variability in satisfaction levels across different departments and roles, with some finding the work environment stimulating while others find it draining due to the demanding workload and lack of support. Overall, employees acknowledge the company's strengths but also face challenges related to compensation, work-life balance, and organizational structure that impact","Employees generally appreciate the challenging nature of their work, especially among data scientists and field sales professionals. However, they also highlight significant drawbacks, including long hours, lack of flexibility, and perceived unfair treatment. Many value the supportive corporate culture and extensive training programs, though some express frustration with bureaucracy and inflexibility. Overall, the positive aspects outweigh the negatives, with employees finding the company intellectually stimulating and data-driven, despite occasional challenges. The company offers competitive salaries and benefits, but critics note that promotions and career advancement opportunities are limited. Feedback suggests that while the workplace can be demanding, it fosters intellectual","Employees generally appreciate the company's data-driven approach and fast-paced growth, particularly in roles like Data Engineers and BI Engineers. However, concerns include chaotic parental leave policies, inconsistent work environments, and excessive workload. Some feel the company lacks proper checks and balances and struggles with transparency. Additionally, many express frustration with the lack of formal training and oversight, resulting in high turnover rates and dissatisfaction among employees. While some enjoy flexible schedules and interesting projects, others criticize the company's focus on profit over customer satisfaction and privacy concerns. Overall, the company offers significant opportunities for those willing to embrace change and adapt quickly,","Employee feedback indicates dissatisfaction with compensation, particularly regarding pay equity and opportunities for advancement. Concerns include unclear career progression paths, limited scope for innovation, and perceived overemphasis on metrics and data-driven decision-making. Many express frustration with the pace of work, feeling overwhelmed by constant firefighting and unrealistic expectations. Additionally, there is criticism of the company's culture, including burnout due to conflicting priorities and a focus on external validation rather than internal satisfaction. While some appreciate the company's commitment to data-driven practices, others feel that this approach leads to micromanagement and a lack of genuine recognition. Overall,"
28,Other,117,110,7,0,"Employees generally express positive sentiments towards their workplace environments across various companies including Google, Amazon, Microsoft, Apple, and others. Many highlight the ""great"" experience, mentioning enjoyable teamwork, supportive colleagues, and overall satisfaction. However, some also note occasional challenges or inconveniences, though these are often minor compared to the benefits reported. Overall, the consensus suggests that most employees find value in their current roles and enjoy their professional experiences. While specific details vary, common themes include high morale, collaborative culture, and strong relationships among team members. These factors contribute to a predominantly favorable view of the workplaces being discussed","Employees generally praise North India, Apple, Google, Microsoft, and Amazon as excellent places to work, highlighting positive aspects such as supportive colleagues, enjoyable work environments, and opportunities for growth. However, some express minor concerns about occasional challenges or less-than-perfect experiences, indicating a balanced view where both positives and negatives exist. Overall, these reviews suggest high satisfaction levels across various industries but also highlight areas needing improvement. Recurring Feedback: 1. **Positive**: North India, Apple, Google, Microsoft, and Amazon are consistently praised for their strong support systems, friendly cultures, and overall job satisfaction","Employees generally view their time working at Microsoft as positive with both pros and cons. The majority of respondents appreciate the company culture and its emphasis on innovation and technology, which they see as beneficial aspects of the workplace. However, some employees express concerns about the increasing corporate nature of the organization, feeling that this could lead to less personal interaction and a loss of individuality within the team. Additionally, while many acknowledge the long-term benefits of staying at Microsoft, there is also recognition among some employees that the work environment has evolved over time, potentially impacting job satisfaction and retention rates. Overall, the sentiment leans towards",
29,Compensation,276,162,85,29,"Employees generally appreciate the compensation package, particularly the bonuses and benefits offered. However, they face significant challenges due to poor work-life balance, long hours, and inflexible scheduling. Concerns also exist regarding management practices, such as harsh treatment of underperforming staff and lack of mentorship. Despite this, most employees appreciate the stability and growth opportunities provided by the company. The physical demands are high, leading to fatigue, and some feel the work environment is stressful. Overall, while the company offers competitive salaries, the culture and management practices do not adequately address the need for better rest and leisure time. This creates an imbalance where employees receive good financial rewards but struggle to maintain a healthy work-life balance. To improve, the company should focus on enhancing work-life balance, providing more support, and fostering","Employee satisfaction varies widely across different roles within Amazon's fulfillment centers. Positive reviews highlight aspects such as good pay, benefits, and opportunities for growth. However, concerns include poor work-life balance, lack of flexibility, and excessive overtime. Exempt associates often face challenges balancing work and family responsibilities, while hourly employees express frustration with low wages and limited promotions. Despite these drawbacks, many employees appreciate the supportive culture and sense of community among colleagues. Mixed reviews suggest that the overall experience depends heavily on individual circumstances and the specific role. The data indicates that while certain aspects of the job are highly regarded, others remain","Employees generally appreciate the comprehensive benefits package offered by Amazon, including health and dental insurance, paid time off, and a strong performance-based bonus structure. However, concerns persist regarding the grueling physical demands of the job, particularly during peak seasons, and the inflexibility of scheduling. While some employees find the hourly wage satisfactory, others feel undercompensated for the physically demanding and mentally taxing work involved. Additionally, there are mixed views on managerial support and mentorship, with some praising the quality of coaching and others expressing frustration with perceived micromanagement. Overall, the majority of employees view the benefits","Employees generally appreciate the compensation package offered by Amazon's fulfillment centers, particularly noting generous bonuses and benefits. However, concerns arise regarding workload, management expectations, and overall well-being. Many express dissatisfaction with long hours, lack of autonomy, and feeling undervalued despite higher-than-average pay. Issues include inconsistent communication between departments, favoritism towards certain employees, and a culture that prioritizes metrics over human interaction. While some highlight specific positives like flexible schedules and occasional perks, these are often overshadowed by broader criticisms. Feedback suggests that while the current structure may attract talent initially, it ultimately fails to provide"
30,Other,181,91,70,20,"Employees generally appreciate the positive aspects of working at Amazon, including a vibrant work culture, excellent benefits, and opportunities for personal and professional growth. However, there are also significant challenges and drawbacks, particularly related to workload, management practices, and lack of autonomy. Many find the work stressful due to long hours, frequent overtime, and rigid schedules. Some feel undervalued and believe promotions are slow or nonexistent. Additionally, the company culture can be toxic, with frequent turnover and negative interactions among staff. While the majority of employees enjoy their jobs, the overall sentiment leans toward dissatisfaction due to these factors. Overall","Employees generally appreciate the autonomy and flexibility afforded by their positions, particularly in terms of choosing topics and conducting projects independently. However, concerns arise regarding the monotony of repetitive tasks, especially during peak seasons, leading to burnout and dissatisfaction. Additionally, the fast-paced nature of the industry, characterized by frequent shifts and workload fluctuations, contributes to stress and fatigue among workers. While the company offers various perks like meal coupons, free transport, and continuous professional development opportunities, these aspects often fall short compared to expectations. Managers' behavior, including short temper and inconsistent treatment of employees, further exacerbate workplace tensions.","Employees generally appreciate the positive aspects of their roles, including the flexibility, friendly work environment, and various perks such as transportation facilities, shift allowances, and occasional team outings. However, there are also significant criticisms regarding the lack of career progression, frequent goal adjustments, and perceived unfair treatment among lower-level employees. The overall sentiment leans negative, particularly concerning the lack of upward mobility and the impact of management changes on morale and retention. While some employees highlight specific areas of strength, such as the ability to work remotely and the potential for professional growth, these positives are often overshadowed by broader dissatisfaction with organizational structure","Employees generally express dissatisfaction with the company's approach to handling difficult cases, particularly those involving fraud investigations. There is criticism regarding the lack of support and training provided to investigators, especially during overtime periods. Additionally, many reviewers highlight negative aspects related to management practices, including frequent rule changes, biased decision-making, and inadequate communication. Concerns also arise over work schedules, such as irregular shifts and inconsistent week-offs, which can lead to burnout and decreased job satisfaction. Overall, the feedback suggests a need for improved support systems, better management practices, and clearer communication channels to address these concerns. Recurring"
31,Workplace Culture,230,154,53,23,"Employees generally appreciate the benefits and perks of remote work, including flexible schedules and equipment provision. They value the autonomy and personalization it offers but face challenges such as impersonal interactions and long wait times for support. Concerns include the mandatory nature of the shift bidding process, leading to dissatisfaction. There is a perception that management lacks understanding of the team culture, contributing to overall satisfaction levels. While most view the company positively, there are concerns about management's approach and the potential for burnout due to prolonged remote work. Despite these issues, remote work remains highly appreciated by employees, especially those who find it challenging and demanding. The benefits of remote work, such as flexibility and personalized experiences, often outweigh the negatives, making it a preferred option for many. However, individual experiences vary widely depending on factors","Employees generally praise Apple's workplace culture, particularly highlighting positive aspects such as great benefits, supportive leadership, and opportunities for growth. However, some express concerns about job stability, lack of advancement opportunities, and high levels of stress due to unpredictable changes in job duties. Additionally, several reviewers mention difficulties adjusting to remote work environments, feeling disconnected from colleagues, and experiencing significant workload pressures. Despite these challenges, most employees view the company favorably, appreciating the emphasis on teamwork and continuous improvement within the organization. Overall, the sentiment leans towards a balanced perspective, acknowledging both strengths and areas for improvement.","Employees generally appreciate the benefits and flexibility offered through remote work arrangements, particularly the Apple AHA senior advisors and At-Home Advisor roles. However, concerns arise regarding long-term career progression, micromanagement, lack of promotion opportunities, and perceived unfair treatment. Additionally, some find the work environment isolating due to limited social interaction and physical distance from colleagues. Remote work also presents challenges like difficulty managing personal schedules and maintaining work-life balance. While compensation and benefits are seen positively, metrics-driven approaches may lead to burnout and dissatisfaction among employees. Overall, while remote work offers significant advantages, addressing these issues","Employees generally appreciate the benefits, including health care, dental insurance, and employee discount plans. However, there are significant concerns regarding workload, particularly high call volumes and long call durations. Many find the pace challenging, especially once reaching higher levels within the organization. Additionally, the lack of career advancement opportunities and perceived micromanagement contribute to dissatisfaction. Remote work arrangements are seen positively, though challenges arise such as limited visibility into management structure and difficulty in scheduling. Benefits and perks are appreciated, but many feel shortchanged in terms of work-life balance and promotion opportunities. Feedback indicates a disconnect between promises and reality,"
32,Leadership,193,167,17,9,"Employees at Microsoft report a mixed but predominantly negative sentiment towards leadership, culture, and operational efficiency during Satya Nadella's tenure. While there is appreciation for the company's focus on fostering a growth mindset and promoting innovation, concerns remain over organizational stagnation, outdated practices, and resistance to change. The company faces challenges including bureaucratic procedures, internal politics, and a reluctance to adopt newer methodologies. Despite efforts to attract talent and offer competitive benefits, employees feel undervalued and disconnected from their work environment. Their criticisms extend beyond the Dynamics product line to include issues with goal-setting, reward processes, and leadership, highlighting a broader dissatisfaction with the company's direction and management practices. Overall, while some acknowledge positive attributes, the majority expresses frustration with the pace of change and the difficulties in implementing new strategies.","Employees generally praise Satya Nadella's leadership, noting his inspirational qualities and commitment to fostering a growth mindset within the organization. However, they express frustration with the company's bureaucracy, slow decision-making processes, and excessive emphasis on metrics and performance targets, which can detract from creativity and innovation. Despite these challenges, many employees appreciate the company's robust benefits packages, high salaries, and supportive culture. Concerns persist regarding the retention of top talent, particularly among younger generations, and the potential for further downsizing during restructuring initiatives. Overall, while the company remains a significant global player, its ability to","Employee feedback indicates significant progress under Satya Nadella's leadership, including a shift toward collaboration, openness to partnerships, and a focus on agility and innovation. However, concerns persist regarding cultural inertia, particularly among older teams, and challenges remain in terms of managing a diverse global workforce effectively. While employees appreciate the company's commitment to growth and professional development, they also express frustration with outdated practices and a perceived lack of support for younger talent. Additionally, there are ongoing debates about the effectiveness of current corporate culture initiatives and the need for greater alignment between organizational strategy and day-to-day operations. Overall, while Microsoft","Employees express frustration with Microsoft's current state, citing internal politics, lack of innovation, and high turnover rates. While there are some positive aspects such as rising stock prices and emerging technologies, overall sentiment is negative due to perceived inefficiencies, bureaucratic processes, and a lack of accountability at higher levels. The company faces challenges including unproductive middle management, outdated product strategies, and a toxic culture. Despite Satya Nadella's efforts, concerns persist about the direction of the company and potential layoffs affecting morale. Employee satisfaction varies widely depending on individual experiences within different departments and roles. Overall, the feedback highlights a"
33,Work-Life Balance,210,133,40,37,"Employees at Amazon often praise its friendly atmosphere and commitment to customer service, appreciating the openness of communication and the focus on delivering excellent experiences. Despite these positive attributes, many report feeling overwhelmed by their workload, which can lead to feelings of stress and burnout. Additionally, there is criticism regarding the inconsistency in managerial practices, leading to perceptions of favoritism and unfair treatment among staff members. The casual dress code is seen as a mixed blessing; although it fosters a sense of camaraderie and ease of interaction, it can also create distractions that detract from productivity. This blend of supportive elements and challenges highlights the diverse experiences within the Amazon workforce, reflecting both the company’s strengths and areas needing improvement. The overall sentiment leans towards appreciation for the company culture and values, yet acknowledges the need","Employees generally appreciate Amazon's open-door policy, friendliness, and emphasis on customer satisfaction. However, they express concerns about dress codes, lack of formal training, and perceived micromanagement. Many value the company's commitment to employee welfare and fair treatment, despite occasional frustrations. While some highlight specific areas for improvement, overall sentiment remains positive. Feedback suggests a dynamic yet challenging work environment that fosters innovation and collaboration. Recurring Employee Feedback: - Open Door Policy & Friendliness - Customer-Centric Culture - Dress Code Concerns - Micromanagement Issues - Training Opportunities","Employees generally appreciate the relaxed work environment, decent wages, and free accounts, though there are concerns about excessive pressure, lack of positive reinforcement, and inconsistent responses from tech support. Some find the attendance policy restrictive, while others praise the flexibility in scheduling and attire. There is mixed sentiment regarding promotions and career advancement opportunities, with some feeling stifled due to high expectations and micromanagement. Additionally, the company faces criticism for its rigid dress code, frequent changes in work procedures, and perceived elitism among upper-level staff. While some highlight the potential for personal development and professional growth, others express dissatisfaction","Employees generally express dissatisfaction with Amazon's work-life balance, citing excessive security checks, lack of flexibility, and demanding senior leadership. Some appreciate the casual dress code and flexible scheduling, while others criticize the rigid corporate culture and micromanagement. Concerns include financial compensation, particularly lower salaries compared to competitors, and perceived discrimination against women. Additionally, many report feeling overworked without adequate breaks or opportunities for career advancement. While some highlight positive aspects such as free meals and social events, overall sentiment remains negative due to perceived unfair treatment and lack of work-life balance. The company culture is often described as either overly"
34,Career Growth,477,392,53,32,"Employees at Amazon value the supportive work environment and robust career growth opportunities but face significant challenges. Key issues include a perceived lack of work-life balance, especially among remote workers, and criticisms of management practices like micromanagement and excessive workload expectations. Despite these drawbacks, many employees appreciate Amazon’s commitment to smart hiring and its efforts to offer good work-life balance. The overall sentiment leans negative, reflecting concerns over burnout, underutilized talent, and an atmosphere that can be toxic. These recurring themes suggest ongoing areas for improvement in terms of fostering better work-life balance and addressing gender biases within the company culture.","Employees generally appreciate Amazon's supportive work environment, which fosters continuous learning and career growth. Many highlight the importance of self-management and initiative in achieving success. However, concerns arise regarding work-life balance, particularly among remote workers, and the perception of excessive workload leading to burnout. Additionally, some express dissatisfaction with the lack of formal career development paths and the perceived favoritism towards certain departments or individuals. Despite these challenges, the majority view Amazon as a positive place to work, emphasizing the value of collaboration, innovation, and the ability to shape one's own career path. Overall, the feedback suggests","Employees generally view this organization favorably due to its strong focus on learning and career growth opportunities, particularly for younger professionals. However, they also express concerns about poor work-life balance, lack of advancement paths outside senior positions, and compensation that does not reflect the demanding workload. The organizational structure is described as relatively flat, allowing for extensive collaboration and mentorship across experienced staff. Despite these positives, the frequent reorganizations and constant change within the company raise questions about stability and continuity. Overall, while the environment fosters personal and professional development, it requires careful consideration of work-life balance and potential burnout among","Employees express dissatisfaction with work-life balance, lack of mentorship, and high turnover rates. Some highlight positive aspects such as innovative technology and strong compensation packages, while others criticize the absence of work-life balance, toxic work environments, and unclear career paths. Many suggest improvements in the review process and more support for work-life balance. Overall, the sentiment leans negative towards the company culture and career prospects. Employees frequently mention the importance of having a healthy work-life balance, yet struggle to achieve it due to demanding schedules and frequent relocations. The lack of mentorship and guidance also contributes to feelings of isolation and"
35,Work-Life Balance,340,259,49,32,"Employees generally appreciate the perks, projects, and transparency within the company, particularly the long hours and 20% time. However, concerns arise regarding the long hours, lack of work-life balance, and perceived unfairness in promotions. While some find the work challenging and rewarding, others express frustration with the demanding nature of the role, including long hours, customer interactions, and political tensions. Overall, the sentiment leans towards positive with occasional criticisms, highlighting the complex dynamics of work-life satisfaction within the organization. Recurring Feedback: - Long hours and excessive work demands. - Lack of work-life","Employees generally appreciate the positive aspects of their workplace, such as great perks, projects, and transparency. However, they frequently report long hours, especially during peak periods. While some find the work challenging and rewarding, others feel overwhelmed by the workload and stress. Despite these challenges, most employees value the opportunity to work with talented colleagues and access cutting-edge technologies. The company culture emphasizes innovation and collaboration, but it can be demanding, particularly for those in leadership roles. Overall, the experience varies significantly across departments and teams, with some enjoying a better work-life balance compared to others. The lack of formalized","Employees generally appreciate Amazon's supportive work environment, offering perks like healthy benefits and regular outings. However, concerns arise regarding excessive work hours, particularly during peak seasons, which lead to exhaustion and dissatisfaction. While the company offers opportunities for learning and development, such as access to cutting-edge technology and frequent promotions, these aspects come at the cost of long working hours and irregular schedules. Many employees feel that the workload is unsustainable, leading to high turnover rates and stress. Despite the positive aspects, the overall experience is often described as demanding and tiring, with little room for personal life outside of work. Feedback suggests","Employees express dissatisfaction with their work-life balance, citing long hours, lack of recognition, and poor communication. Some highlight positive aspects such as exposure to new technologies and opportunities for growth, while others criticize the demanding nature of the work and the absence of proper support systems. Feedback indicates that despite occasional praise, most employees find the current conditions unsustainable and detrimental to overall well-being. The overwhelming sentiment is negative, highlighting significant areas for improvement in terms of work-life balance and support structures. Recurring feedback includes: - **Long Hours**: Employees frequently report working excessive hours without adequate breaks or rest periods. For"
36,Leadership,621,502,87,32,"Employees at Amazon appreciate the company's fast-paced, innovative culture and supportive leadership, especially the emphasis on the 14 Leadership Principles. They value the opportunity for professional growth and learning within the diverse organization. While some express frustration with unclear communication and hierarchical politics, many prefer a more relaxed work environment. The overall sentiment is predominantly positive, with employees appreciating Amazon's commitment to employee well-being, compensation, and skill training. However, there are recurring issues such as management inefficiency, outdated practices, and a lack of professional development opportunities that create challenges. These factors contribute to an atmosphere where the balance between appreciation and criticism is slightly weighted towards appreciation. To address these concerns, Amazon should consider implementing changes that improve communication, reduce managerial layers, and provide more robust professional development programs. This would help","Employees appreciate Amazon's fast-paced, innovative culture, emphasizing the importance of leadership principles and mentorship. Positive aspects include: - High-quality leadership, smart colleagues, and a supportive environment. - Opportunities for skill development and diverse career paths within the company. - Competitive compensation and generous benefits. - A strong emphasis on customer service and innovation. - Frequent changes and challenges, fostering adaptability and growth. However, concerns arise regarding: - Long hours and unpredictable schedules. - Lack of structured onboarding for new hires. - Difficulty balancing work-life responsibilities. - Potential for burnout due to intense competition and","Employees appreciate the company's commitment to innovation and empowering employees to take ownership of their work. However, they also note that the company culture can be demanding and hierarchical, with a lack of transparency and accountability. Despite this, many employees believe the company provides excellent perks and a positive work environment. Some express concerns about the company's slow pace of change and the potential for stagnation, while others praise the company's ability to adapt quickly to market demands. Overall, employees view the company favorably but recognize that it requires self-motivation and a willingness to embrace change. The company's emphasis on autonomy","Employees generally appreciate Microsoft's challenging work, decent compensation, and potential for job satisfaction. However, they criticize the confrontational work culture, lack of team-oriented work ethic, and excessive promotion of self-interest. Additionally, they express frustration with the demanding workload during peak seasons and the lack of development opportunities from upper management. Despite these criticisms, many still find the company attractive due to its high standards, innovative spirit, and supportive benefits. Overall, the feedback highlights both positive aspects and significant areas for improvement in terms of fostering a more collaborative and balanced work environment."
37,Other,240,176,30,34,"Employees generally appreciate Amazon's commitment to supporting their success through compensation and a supportive work environment. However, the interview process is described as particularly grueling, requiring extensive preparation that may leave candidates feeling unappreciated early in the application cycle. Despite these challenges, many remain enthusiastic about working at Amazon for long-term career prospects. Concerns include difficulties advancing within the company and the risk of burnout from demanding schedules and continuous learning demands. While Amazon excels in some aspects such as cross-training and opportunity for growth, criticisms arise from perceived shortcomings in its interview process and the overall demanding nature of the role. The sentiment is predominantly positive with reservations over the hiring and onboarding stages. This final summary synthesizes the key sentiments expressed across the provided partial summaries into a coherent narrative, highlighting both the","Employees generally appreciate Amazon's supportive culture, fast-paced work environment, and excellent compensation packages. However, they express frustration with the lengthy interview process and difficulty progressing within the organization. Despite these challenges, many view Amazon as a valuable workplace due to its commitment to employee growth and innovation. Overall, the majority of reviews highlight positive aspects outweighing minor criticisms. Recurring Feedback: - Fast-paced work environment - Supportive culture - Excellent compensation - Frustration with lengthy interview process - Difficulty progressing within the organization Key Nuances: - Mixed views on progression - Positive","Employees generally appreciate the structured recruitment process at Amazon, with multiple rounds of interviews ensuring thorough vetting. However, some find the extensive preparation and scheduling cumbersome. Communication quality varies; while recruiters are responsive, managers often lack depth in specific roles. The learning curve is steep due to rapid technological changes and frequent rehiring. Despite these challenges, the company offers competitive compensation and benefits, making it attractive for tech-savvy professionals. Feedback suggests improvements could include clearer career paths and less rigid interview schedules. Overall, Amazon remains a strong contender in the tech industry despite occasional frustrations. Recurring Employee Feedback","Employees consistently express dissatisfaction with the interviewing process, particularly focusing on its focus on qualifications rather than actual performance. Many find the culture overly focused on change and constant improvement, leading to a lack of stability and predictability. Communication is described as poor, with updates frequently delayed or missed. Jobs are characterized as repetitive and lacking variety, despite positive aspects like competitive compensation packages and opportunities for growth. Management practices are criticized for being impersonal and unfriendly, with little regard for employee loyalty. Overall, the negative reviews highlight a disconnect between expectations set by marketing materials and the realities experienced by employees. While there are"
38,Management,664,313,112,239,"Employees at Amazon praise the company's strong corporate culture, diverse workforce, and cutting-edge technologies but express frustration with ineffective leadership, inefficient management practices, and a lack of mentorship and development opportunities. They believe that Amazon's rigid hierarchical structure stifles creativity and autonomy, resulting in high turnover rates and a toxic work environment. Despite appreciating the company's philanthropic efforts and supportive benefits package, many criticize the emphasis on compliance and paperwork over innovation and problem-solving. Overall, employees see Amazon as a complex organization with both positive and negative aspects, emphasizing the need for effective leadership and cultural alignment to address recurring issues such as the hierarchical structure and performance evaluation systems. The criticism highlights the importance of fostering an inclusive and supportive workplace culture to improve employee satisfaction and retention. To address these challenges, managers should focus","Employees generally appreciate Amazon's tech-savvy workforce and diverse workplace culture, though they criticize leadership styles and organizational inefficiencies. Microsoft is praised for its lean culture and ethical practices, yet concerns arise over product managers' lack of understanding of Agile methodologies. Apple is highly regarded for its top-tier management and cutting-edge technologies, but criticism includes issues with segregation, outdated equipment, and ineffective leadership. Other companies receive mixed reviews, praising strong management and access to advanced technology but noting poor team dynamics, micromanagement, and high turnover rates. Overall, employees value autonomy, mentorship, and positive work environments","Employees generally appreciate the diverse talent pool and dynamic work environment at Amazon, particularly among engineering and technical roles. However, concerns arise regarding management practices, such as hierarchical structures, frequent organizational changes, and a perceived bias towards action over consideration. Additionally, there are criticisms about leadership quality, including a lack of humility, limited experience, and ineffective communication skills. These factors contribute to a sense of disengagement and difficulty in advancing professionally. While the company offers competitive benefits and opportunities for learning, the overall atmosphere is described as stressful due to constant change and a rigid hierarchy. Employee morale fluctuates significantly, with","Employee reviews indicate significant dissatisfaction with Amazon's management practices, particularly regarding leadership, communication, and reward systems. Many express frustration with perceived neglect of employees, including inadequate notice periods, lack of recognition for initiative, and unfair treatment of those taking responsibility. Morale is reportedly low due to unclear expectations and frequent changes in leadership. Reviews highlight a disconnect between management and employees, suggesting that while Amazon offers competitive compensation and benefits, the company culture fails to foster meaningful growth or innovation. There is widespread criticism of the review and performance evaluation system, noting its complexity and subjectivity, leading to inconsistent outcomes and discouraging"
39,Compensation,315,269,30,16,"Employee reviews indicate a generally positive sentiment toward Apple's compensation packages, particularly regarding benefits and salaries. However, there are concerns about the pace of advancement within senior roles, especially for those aiming for director-level positions. Additionally, some reviewers express dissatisfaction with the lack of growth opportunities post-graduation, despite the perceived advantages of joining Apple. There is also criticism regarding the flexibility of schedules and the perception that the company values younger talent over experienced professionals. Overall, while the majority view Apple as a desirable employer offering excellent benefits and competitive salaries, there are notable reservations about the potential for career progression and the overall","Employee reviews indicate a generally positive outlook toward Apple's compensation structure, particularly regarding benefits and pay rates. Many reviewers praise the generous benefits packages, including retirement contributions and vacation days, highlighting the company's ability to attract top talent despite lower-than-average salaries. However, concerns persist over potential stagnation in pay growth, especially for entry-level roles, and the perception that the company places too much emphasis on short-term performance metrics rather than long-term career development. Additionally, some employees express frustration with perceived lack of transparency in managerial evaluations and decision-making processes, suggesting a disconnect between seniority and recognition within the organization","Employees generally appreciate the positive aspects of their compensation packages, including decent pay scales, benefits, and recognition from management. However, challenges such as infrastructure problems, high turnover due to low pay, and lack of career advancement are noted. The perception varies based on role and experience; while some find the work challenging and rewarding, others feel pressured and underpaid. Overall, the compensation seems adequate but requires addressing specific issues like infrastructure improvements and better career development opportunities. Neutral reviews indicate satisfaction with the current state of compensation, though with potential areas for improvement highlighted. Recurring Feedback: 1. **Infrastructure","Employees generally appreciate the positive aspects of their working environments, including supportive management, good benefits, and a collaborative atmosphere. However, they express dissatisfaction with limited career growth opportunities, particularly within specialized roles where mobility is restricted due to strict job descriptions. Additionally, some employees feel undervalued and treated poorly, especially in certain divisions such as global security and hardware testing. There is also criticism regarding supervision, workload, and overall satisfaction levels. Overall, while most employees view the compensation as satisfactory, they often feel underpaid relative to industry standards, which contributes to low morale and turnover rates. The lack of clear"
40,Workplace Culture,276,223,42,11,"Employees generally appreciate Microsoft's strong work culture, collaborative environment, and supportive management. However, concerns include frequent travel for client visits, which can be physically demanding, and the lack of work-life balance, especially after moving to a new country. On the positive side, employees find the company offers extensive benefits, flexible work arrangements, and a high degree of autonomy. Despite these positives, some express dissatisfaction with the physical demands of travel and the perceived lack of flexibility in managing work-life balance post-migration. Additionally, several reviews highlight challenges related to work-life balance, including extended overtime, stressful managerial expectations,","Employees consistently praise Microsoft's positive workplace culture, highlighting collaboration, supportive management, and continuous learning opportunities. However, concerns include frequent travel for client visits, which can be physically demanding, and the lack of work-life balance due to extended travel schedules. In contrast, Apple emphasizes its strong company culture, flexible work arrangements, and emphasis on work-life balance, though it notes challenges related to cultural differences among employees. Google praises its dynamic work environment, diverse team, and commitment to work-life balance, while acknowledging occasional work pressures and difficulty achieving a perfect balance. Amazon highlights its fast-paced, high-pressure work culture","Employees generally appreciate the positive aspects of their workplace culture, such as a strong sense of community, clear career progression paths, and flexible work arrangements. However, there are significant concerns about work-life balance, particularly regarding excessive overtime and lack of support for remote workers. Additionally, many express dissatisfaction with the lack of transparency and fairness in promotion processes, which they perceive as favoritism towards certain managers. The overall sentiment leans negative, highlighting the importance of addressing these issues to maintain a healthy and productive workforce. Recurring Feedback: - **Work-Life Balance**: Many employees complain about the demanding nature of","Employees generally appreciate Amazon's strong company culture and values, particularly its emphasis on inclusivity and diversity. However, they express significant concerns regarding work-life balance, favoritism, and lack of social inclusion within the organization. Many find the constant need to adapt to new leadership styles challenging, while others feel pressured to perform at high levels despite personal responsibilities. Additionally, some highlight negative aspects such as poor communication, unclear job roles, and a perceived lack of work-life balance. These challenges often stem from the rapid pace of change and frequent relocations among senior management positions. Overall, while there is general satisfaction"
41,Work-Life Balance,338,230,81,27,"Employee reviews indicate a range of experiences regarding work-life balance at Amazon and Apple. While both companies offer unique environments, particularly Amazon, where employees report significant challenges such as irregular shifts, demanding workload, and potential health risks, Apple presents a more balanced view with occasional criticisms related to the retail environment and lack of flexibility. Overall, employees appreciate the supportive culture and benefits offered by both companies, highlighting the importance of clear communication and fair treatment in maintaining a healthy work-life balance. However, concerns persist about the impact of extended work hours and the necessity of adapting to varying shift patterns, especially for those managing multiple","Employee reviews indicate that Amazon Fulfillment provides a dynamic work environment where employees have significant autonomy and growth opportunities. Positive aspects include the ability to propose new ideas, varied responsibilities across different functions, and strong support systems. However, challenges such as irregular schedules, demanding workload, and occasional health risks associated with extended shifts are noted. Some employees appreciate the supportive culture and benefits, while others find the fast-paced nature and constant pressure to perform overwhelming. Overall, the reviews highlight both strengths and weaknesses, suggesting a balanced view of the company's offerings. Recurring Feedback: - Flexibility in shift options","Employees consistently report challenges related to work-life balance, including fluctuating temperatures, unpredictable shifts, and limited flexibility. Many highlight the demanding nature of their jobs, requiring constant multitasking and extended hours. While some appreciate the supportive work environments and opportunities for growth, others criticize the lack of autonomy and the pressure to perform under tight timelines. Feedback suggests that while the company offers competitive salaries and benefits, these perks come with significant demands and stressors. Overall, the experience varies widely among departments and locations, with some reporting better conditions than others. The recurring themes indicate a complex interplay between workplace dynamics and individual","Employees consistently express dissatisfaction with work-life balance, particularly regarding extended night shifts, lack of transparency, and frequent turnover. The majority of reviews highlight poor management practices, including favoritism towards certain individuals and unrealistic expectations. While some praise the company's cutting-edge technology and potential for career advancement, overall sentiment remains negative, citing excessive workload, lack of support, and unfair treatment. Feedback suggests that the current shift patterns and scheduling practices significantly impact employees' ability to maintain a healthy work-life balance. The company appears to struggle with creating a supportive work environment conducive to both productivity and well-being. Recurring"
42,Compensation,242,174,30,38,"Employees consistently praise Apple's product-focused culture, innovative technology, and close-knit team dynamics. However, they also highlight challenges related to hierarchical communication within the organization, limited personal development opportunities, and occasional workplace conflicts. Despite these drawbacks, most respondents view Apple as a highly rewarding and fulfilling work environment. While some individuals express frustration with certain aspects of the corporate structure and management style, others maintain high satisfaction levels due to the company's commitment to innovation and customer service. The majority of reviews indicate that Apple offers competitive salaries and generous benefits packages, although some note potential downsides regarding workload and job security.","Employees consistently praise Apple's product-focused culture, innovative technology, and engaging atmosphere. However, concerns arise regarding limited internal communication and high-pressure environments, particularly during peak periods. Despite these challenges, many view Apple as a highly rewarding workplace due to its strong support systems, diverse talent pool, and commitment to innovation. While some note occasional managerial oversights, overall sentiment remains overwhelmingly positive. Mixed reviews highlight the importance of effective leadership and strategic planning to mitigate potential drawbacks. Key points include: - Positive aspects: Product focus, innovative technology, engaging atmosphere, strong support systems, diverse talent pool, and commitment to","Employees generally appreciate WSD's cool culture and interesting projects, though they criticize its lack of innovation and focus on fixing existing bugs rather than developing new features. They also express dissatisfaction with job stability and frequent layoffs over the past two years. Positive aspects include a supportive manager, positive interactions with colleagues, and opportunities for growth. However, employees note low compensation relative to workload and a perception of inconsistent performance evaluations. Overall, while the company has received mostly positive feedback, it faces criticism regarding job security and potential downsides related to technical changes and leadership. The summary highlights both the strengths and weaknesses expressed by employees","Employees consistently express dissatisfaction with compensation packages, including discounts, free drinks, and Orca cards. Negative reviews highlight frequent organizational changes, poor job security, excessive politics, lack of onboarding and training, high workloads, and outdated practices. Many feel overworked and underpaid, leading to burnout and low morale. Issues include traffic congestion, unrealistic expectations, and strained work-life balances. Some praise Apple's past, but many believe it has deteriorated significantly since 2015. Others note mixed experiences, such as Amazon's former success and current struggles, and SDET's positive aspects"
43,Work-Life Balance,131,114,12,5,"Employees generally appreciate Apple's commitment to providing exceptional benefits, including competitive salaries, comprehensive healthcare plans, and generous discounts for employees and their families. However, concerns persist regarding the lack of flexibility in scheduling, particularly during peak business periods, which can lead to long hours without adequate rest. Some employees express dissatisfaction with the pace of work, feeling overwhelmed by the demands of handling complex customer inquiries and maintaining a high level of customer satisfaction. Despite these challenges, many employees highlight the supportive and collaborative nature of the workplace culture, emphasizing the importance of teamwork and mutual respect among colleagues. While some find the retail environment challenging, others appreciate the flexibility offered by remote work, which allows them to save money on commuting expenses while spending more time with their families. The positive aspects of remote work include increased family time due to","Employees generally appreciate Apple's commitment to providing exceptional benefits, including competitive salaries and comprehensive health insurance. However, concerns arise regarding the lack of flexibility in scheduling, particularly during peak periods such as holiday seasons. Many find the work environment challenging due to the high volume of customer interaction and the need to maintain a positive relationship with clients. Despite these challenges, employees consistently praise the supportive nature of the workplace culture, highlighting the importance of teamwork and collaboration among colleagues. While some express frustration with rigid management practices and perceived favoritism towards certain departments, overall sentiment remains positive, with many attributing their satisfaction to the","Employees generally appreciate the supportive environment and benefits provided by the organization, including access to a gym, discounted services, and various perks like discounts for family members. However, they also express concerns about the size of the corporation leading to inefficiencies and a lack of individualized attention. Some highlight positive aspects such as strong teamwork, clear career progression, and a sense of community among colleagues. Others criticize the high-pressure nature of customer service roles, particularly due to the reliance on customer satisfaction metrics which may undervalue certain types of interactions. There is also criticism regarding favoritism within the workplace, especially concerning","Employees generally have mixed feelings about their jobs, with some expressing dissatisfaction due to high demand, long hours, and low pay. Others appreciate the supportive team culture and challenging work, though there's also criticism regarding politics, customer complaints, and lack of promotions. The benefits and work-life balance vary widely, with some finding them lacking compared to other roles. Overall, the experience seems inconsistent across different departments and locations. Recurring Feedback: - High Demand and Low Appointments/Technicians (Mobile Technician) - Customer Complaints and Pushed Limits (Family Room Specialists) - Lack of Promotions"
44,Work-Life Balance,481,330,114,37,"Employees generally appreciate the positive aspects of working at multinational corporations like Apple and Microsoft, such as innovation and global reach. However, they express concerns about the lack of career advancement opportunities, high stress levels, and poor work-life balance. Many highlight the importance of strong relationships with supervisors and mentors, as well as the need for clearer communication and expectations regarding promotions and training programs. Additionally, employees note the significance of cultural fit and diversity in the workplace, emphasizing the importance of inclusivity and respect for differences. Despite these challenges, employees remain committed to their careers and dedicated to contributing to the success of the company. While there is appreciation for compensation and benefits, employees express frustration with stress levels due to challenging work environments and lack of control over career progression. They value development opportunities, strong cultures, and supportive","Employees generally appreciate the positive aspects of their work environments, including supportive managers, flexible work arrangements, and opportunities for professional growth. However, concerns persist regarding work-life balance, particularly in departments like TAM and Operations, where long hours and lack of flexibility are cited as significant drawbacks. Additionally, some employees express dissatisfaction with the lack of career advancement opportunities and the perception that promotions are given to those who are not effective managers. Despite these challenges, the majority of respondents highlight the overall satisfaction and value derived from their employment experiences. Recurring Feedback: - Lack of work-life balance in departments like TAM and","Employees generally appreciate the innovative nature of the company, particularly in the Consumer Electronics sector. However, there are concerns regarding the lack of career progression, especially for those not at the managerial level. The company culture is described as politically charged, with high turnover rates among upper management positions. Benefits such as health insurance and flexible work arrangements are appreciated, though there are criticisms of the lack of structured development programs and the difficulty in advancing within the organization. Additionally, employees express frustration with the rigid hierarchical structure and the perception that promotions are based on personal connections rather than merit. Overall, the sentiment leans positive towards the","Employees generally appreciate the positive aspects of working at Apple, such as the supportive work environment and strong benefits packages. However, there are significant concerns regarding growth opportunities, particularly for those without prior retail experience. Managers often lack the necessary skills to effectively lead, leading to frustration among employees who believe they should be given more responsibility. Additionally, some employees express dissatisfaction with the company's focus on metrics-driven decision-making, which can create stress and undermine morale. While the compensation and benefits are considered fair, the perception of managerial competence remains a major point of contention. Overall, while the company culture is praised, the"
45,Workplace Culture,431,386,18,27,"Employees consistently praise Facebook for its engaging work environment, supportive co-workers, and competitive perks. However, they express frustration with the fast-paced nature of the job and the lack of career advancement opportunities. Conversely, those at Apple highlight the positive aspects of a collaborative culture, diverse team, and innovative work environments. Despite these differences, both companies are praised for fostering a dynamic and stimulating professional atmosphere. While some employees at Apple note challenges such as long hours and limited upward mobility, overall, they view the company favorably due to its commitment to employee development and engagement. Feedback suggests that while both firms excel in","Employees consistently praise Facebook for its vibrant and engaging culture, highlighting the enthusiasm and intelligence of its workforce. However, they express frustration with the fast-paced nature of the job, noting the pressure to adapt quickly and the potential for burnout. Despite the challenges, many feel motivated by the opportunity to contribute meaningfully to innovative projects. Conversely, those who have worked at Apple report a more stable and supportive environment, appreciating the collaborative atmosphere and the chance to grow professionally. While Apple offers competitive compensation, some employees note the difficulty in advancing within the company due to rigid career paths. Retail environments, particularly in","Employees generally appreciate the positive aspects of their roles, such as engaging coworkers, friendly environments, and opportunities for personal growth. However, there are significant concerns regarding favoritism within management, unrealistic job performance expectations, missing equipment, and a lack of meaningful advancement opportunities. Additionally, many express frustration with the fast-paced nature of the work environment, feeling overwhelmed by the demands and stress associated with maintaining productivity at high levels. While some find the work rewarding due to the creativity involved and the chance to interact with diverse groups, others criticize the rigid structure and lack of autonomy. Overall, while the majority view their","Employees generally express positive sentiment towards Amazon, highlighting aspects such as camaraderie among colleagues, engaging work environments, and supportive management. However, concerns arise regarding work-life balance, lack of personal development opportunities, and negative interactions within the workplace. Some employees note dissatisfaction with management styles, particularly concerning micromanagement and favoritism. Additionally, there are criticisms related to physical conditions, including cramped offices and insufficient amenities. Despite these challenges, most employees appreciate the overall atmosphere and value the company's commitment to customer service. Overall, while Amazon offers a unique blend of excitement and camaraderie, it faces"
46,Compensation,418,310,41,67,"Employees at Apple generally appreciate the company's strong compensation packages and benefits, such as generous health care benefits and perks like free shuttle services and mobile bill discounts. They acknowledge the company's commitment to employee welfare and value its policies. However, there are concerns about lower-than-average wages compared to the cost of living in California, especially in Los Angeles. Some employees find inconsistency in their work schedules, lack of advancement opportunities, and micromanagement practices challenging. Additionally, issues arise from workplace culture, including high turnover rates and perceptions of favoritism towards higher-ranking employees. Despite these criticisms, the majority of employees remain positive, appreciating Apple's dedication to employee welfare and its core values. The company faces criticism on several fronts, including the complexity and cost of the Health Savings Account requirement, the review","Employees generally praise Apple's benefits and positive workplace culture, particularly its strong support for remote work and excellent health insurance. However, concerns include lower-than-desired salaries, limited growth opportunities, and occasional mistreatment by upper management. Many find the company's rapid pace demanding but rewarding, though some express frustration with inconsistent performance evaluations and lack of sick leave. Despite these challenges, overall satisfaction remains high due to the perceived value of the benefits and supportive corporate culture. Recurring Feedback: - High regard for benefits and culture - Concerns about pay and limited growth - Mixed views on management treatment","Employees generally appreciate the comprehensive benefits and compensation packages provided by Apple, which include strong financial incentives such as bonuses and retirement plans. However, concerns arise regarding the inconsistent work schedules and lack of managerial support, leading to feelings of disconnection and reduced morale among employees. Despite these challenges, most employees view the overall compensation as satisfactory, especially considering the high turnover rate due to dissatisfaction with the current employment model. While some employees express satisfaction with specific aspects like benefits and fair treatment, others highlight significant drawbacks related to long hours, micromanagement, and limited career advancement opportunities. The perception of fairness and equity within","Employees consistently express dissatisfaction with compensation, particularly regarding benefits and pay rates. Many complain about lack of transparency, unclear career paths, and high turnover due to perceived unfair treatment and poor working conditions. Some highlight positive aspects like benefits and perks, while others criticize the company culture, management practices, and overall value proposition. Feedback suggests that despite good benefits and occasional promotions, the job often consumes most of an employee's time and lacks meaningful growth opportunities. Overall, employees seem disillusioned with the company's approach to employee engagement and retention. Recurring Employee Feedback: Employees repeatedly emphasize concerns about compensation, specifically mentioning"
47,Scheduling,496,328,128,40,"Employees at Apple frequently express dissatisfaction with their scheduling practices, citing frequent shifts, mandatory overtime, and unpredictable changes. They also criticize training programs for being overly intense and lacking practical experience. Low pay rates, especially for seasonal roles, contribute to this discontent. Communication between HR and management is often unclear, potentially leading to terminations based on perceived absences. While some appreciate flexible scheduling and remote work options, overall, they report significant drawbacks that outweigh these positives, resulting in high employee turnover, particularly among those finding the current setup unsuitable. The company's efforts to offer a diverse range of roles and generous benefits may be seen as positive, but the current scheduling practices remain a major source of frustration and dissatisfaction. To address these issues, there should be a focus on improving communication, reducing mandatory overtime,","Employees generally appreciate the opportunity to work remotely and receive training, particularly those in creative and customer-facing roles. However, scheduling conflicts frequently arise, often requiring employees to work weekends or evenings, which can be challenging for families with young children. Additionally, some employees feel pressured to work longer hours, leading to burnout. Despite these challenges, most employees believe the compensation and benefits package is adequate, although some express frustration with inconsistent scheduling practices. Overall, the remote work arrangement offers significant advantages, but requires careful planning and communication between employers and employees to mitigate potential drawbacks.","Employees consistently express dissatisfaction with scheduling practices, particularly regarding lack of predictability and frequent changes in work schedules. Many find the current model less flexible compared to previous arrangements, leading to challenges in maintaining a balanced personal life. Additionally, seasonal work experiences vary widely, offering diverse opportunities but also requiring quick adaptability and handling unexpected tasks. Feedback highlights the importance of clear communication and consistent leadership to address these concerns effectively. While some appreciate the benefits like employee discounts and flexible work environments, overall sentiment leans towards frustration due to inconsistent schedules and limited career progression opportunities. The recurring theme emphasizes the need for more stable and predictable","Employees generally appreciate the flexibility and remote work options provided by these companies, particularly for seasonal roles. However, concerns persist regarding inconsistent scheduling, lack of vacation time, and inadequate training. Many find the pay insufficient given the level of responsibility involved. Additionally, some express frustration with the rigid structure and frequent policy changes, leading to uncertainty and difficulty in planning personal life around work commitments. Overall, while most see value in the ability to work remotely, the experience varies widely depending on individual circumstances and company culture. These factors create a complex landscape where employees often struggle to balance expectations with reality. Recurring Feedback"
48,Technology,311,228,47,36,"Employees at Microsoft predominantly praise the company's extensive range of technology offerings, particularly in areas like cloud computing and AI. They acknowledge the firm's commitment to growth and innovation, though they also express dissatisfaction with bureaucratic procedures, high turnover rates, and perceived bias within certain departments or regions. Although overall sentiment is positive, it is tempered by concerns over efficiency, fairness, and alignment with market trends. The company faces criticism for its reliance on outdated infrastructure and its inability to innovate consistently across all divisions. Managerial changes have led to fluctuations in employee satisfaction, with some appreciating the company's strong values and benefits, while others feel frustrated with rigid review systems and potential favoritism among executives. Despite these issues, many employees view Microsoft as an essential player in the tech industry.","Employees generally appreciate Microsoft's broad technological offerings and innovative culture, praising the diversity of products and the opportunity to work on cutting-edge technology. However, they express frustration with bureaucratic processes, uneven treatment across departments, and concerns about the company's growth strategy and potential mismanagement. Many highlight the importance of collaboration and teamwork within the organization, despite occasional conflicts between divisions. While benefits and compensation are considered reasonable, some employees note challenges related to remote work, limited access to resources, and a perceived lack of transparency in decision-making processes. Overall, the sentiment leans positive, with employees expressing loyalty to the brand and","Employees generally praise Microsoft's commitment to innovation and its ability to adapt to changing market conditions, particularly in areas such as Azure and Windows. However, they express frustration with the company's rigid hierarchical structure, which can stifle creativity and collaboration. Many feel that the company lacks a clear vision and fails to invest adequately in long-term growth strategies. Additionally, employees frequently complain about micromanagement, job insecurity, and a lack of support for remote workers. While the company offers competitive salaries and benefits, some see these perks as insufficient compared to competitors. Overall, the sentiment leans negative, with concerns about the","Employees express frustration with Microsoft's management style, particularly regarding decision-making processes and lack of creativity. Negative reviews highlight issues such as poor communication, unrealistic expectations, and a focus on short-term gains over long-term strategic planning. Some employees praise the company's technological capabilities and benefits, while others criticize the company's slow pace, bureaucracy, and lack of innovation. Overall, the sentiment is predominantly negative, with concerns about the company's direction and ability to adapt to changing markets. The majority of reviews point to a disconnect between management and employees, resulting in a stagnant and unproductive work environment. While some acknowledge"
49,Leadership,201,135,45,21,"Employees generally appreciate Amazon's benefits, including free food, health coverage, and stock options. However, they express frustration with excessive focus on meeting management expectations rather than client needs. Many note poor communication and micromanagement from middle-level managers, leading to burnout. There is concern about lack of career advancement opportunities and perceived favoritism toward certain employees. Additionally, some highlight challenges with remote work arrangements and inconsistent performance evaluation systems. Overall, while employees enjoy the company culture and benefits, they face significant obstacles in terms of professional growth and autonomy. Recurring Feedback: - Excessive focus on meeting","Employees generally appreciate the positive benefits offered by the company, including free food, health coverage, stock options, and opportunities to work with ambitious and intelligent colleagues. However, concerns arise regarding the excessive focus on meeting management expectations rather than client satisfaction, particularly among Account Managers and Technical Account Managers. There is also criticism of middle-level management, noting their lack of mentorship and the pressure to adhere strictly to performance targets. Additionally, some employees express dissatisfaction with the company's decision-making process, especially concerning promotions and career paths within the organization. Despite these challenges, many employees highlight the supportive culture, strong relationships with","Employees consistently express satisfaction with their work-life balance, opportunities for professional growth, and positive company cultures across various roles. However, there are concerns regarding leadership styles, particularly in terms of micromanagement and lack of transparency in performance evaluations. Additionally, some employees feel that their contributions are undervalued, leading to dissatisfaction with compensation and perceived unfairness in reward structures. There is also criticism of certain departments' bureaucratic practices and rigid hierarchies, which hinder collaboration and innovation. Overall, while most employees appreciate the variety of positions offered, they often find themselves juggling multiple responsibilities and facing challenges related to","Employees express dissatisfaction with leadership, lack of evaluation criteria, and perceived favoritism towards certain groups. There is criticism regarding promotions, visibility, and career development opportunities. Many highlight negative aspects such as low morale, poor communication, and a focus on superficial activities over substantive contributions. Additionally, concerns are raised about the impact of technology on roles and the need for more strategic thinking. Overall, employees feel undervalued and underutilized, leading to frustration and disengagement. Recurring Feedback: - Lack of clear evaluation metrics and recognition for accomplishments. - Bias against certain departments or individuals within"
50,Workplace Culture,283,220,24,39,"Employees at Amazon value the company's innovation, strong benefits, and diverse career paths, particularly in Seattle. However, they also face numerous challenges including limited networking opportunities, frequent relocations, high costs, and perceived lack of autonomy and flexibility. Many express dissatisfaction with work-life balance, especially in certain departments, and note the company's competitive salaries but questionable job security. The workplace culture is highly valued, though it is plagued by recurring issues such as fewer connections compared to other tech giants, limited autonomy, and a challenging climate in the Seattle office. Despite these challenges, employees appreciate the company's intelligence and dedication, and its commitment to growth and benefits. The company faces significant internal conflicts and struggles with leadership changes, contributing to a toxic atmosphere. Overall, while the workplace culture is largely positive, ongoing","Employees at Amazon generally praise the company for its innovative culture, strong benefits, and expansive career growth opportunities. They appreciate the positive workplace environment, great colleagues, and flexible benefits. Despite occasional challenges like high costs of living, frequent reorganizations, limited scope in some departments, and inconsistent work-life balance, many find the company challenging and rewarding, especially among entry-level positions. The varied workplace culture reflects different styles of management, from hands-off to micromanaged approaches. Overall, while the company attracts top talent, there is concern about unclear career paths and lack of advancement opportunities, impacting employees' aspirations for growth. The mixed perceptions highlight both strengths and weaknesses in the company's culture.","Employees praise Microsoft for its strong workplace culture, excellent healthcare benefits, and competitive salaries. However, they express frustration with limited job security, remote work challenges, and outdated processes. Many believe the company lacks innovation and fails to recognize talented individuals. Despite these criticisms, employees appreciate the supportive work environment, fair compensation, and proximity to Seattle. In contrast, Amazon receives mostly negative feedback, with concerns about job security, lack of growth opportunities, and toxic work environments. Both companies offer similar benefits, but Amazon struggles with innovation and compliance issues. Microsoft excels in fostering a collaborative and inclusive culture, while Amazon","Employee reviews indicate a mixed sentiment towards Amazon, with both positive and negative aspects highlighted. While some praise the company's intelligence, benefits, and growth opportunities, others criticize the company's lack of agility, frequent reorganizations, and toxic workplace culture. Many express dissatisfaction with the commute, particularly from Seattle residents, and note the company's emphasis on efficiency over collaboration. Additionally, concerns are raised about the company's hierarchical structure, promotion practices, and the impact of remote work on local communities. Overall, the reviews suggest a dynamic yet sometimes frustrating work environment where employees often feel pressured to meet unrealistic expectations without adequate"
51,Benefits,192,161,15,16,"Employees at companies like Apple, Amazon, and Genius appreciate their benefits, particularly the supportive culture, great learning opportunities, and unique perks. However, they frequently criticize the demanding work schedules, low salaries, and lack of career advancement. Many feel that the company prioritizes profits over employee well-being, resulting in inconsistent performance metrics and limited career development paths. Despite the advantages, the overall experience is perceived as stressful and draining, especially for newcomers. While some see the company as fulfilling, others view it as a grind, lacking significant opportunities for professional growth. The reviews highlight a discrepancy between the company's public image and its actual practices, indicating a need for better communication about job expectations and career prospects. This situation has led to high turnover rates among employees who are dissatisfied with both the management style and","Employees generally appreciate the positive aspects of working at Apple Retail, including the engaging team, beneficial benefits, and the opportunity to interact with knowledgeable individuals. However, concerns arise regarding the challenging schedule, low pay, and perceived excessive management. Some employees feel that the current structure limits career growth and disrupts work-life balance. Despite these challenges, the majority view the job as fulfilling and rewarding, especially given the unique opportunities for personal and professional development. The feedback highlights both the strengths and weaknesses of the role, emphasizing the importance of addressing the scheduling and pay discrepancies to improve employee satisfaction and retention. Overall, while","Employees generally appreciate the benefits offered by Apple, including discounts and health insurance. However, they also express frustration with the changing corporate culture, lack of promotion opportunities, and perceived favoritism among certain managers. Many find the work-life balance challenging, especially given the need to work long hours during peak seasons. While some praise the flexibility of the position and the steady income, others criticize micromanagement and the rigid overtime policy. The discounts and learning opportunities are seen as positive aspects, but concerns persist regarding upward mobility and career development beyond the ""Genius"" level. Overall, while the benefits are appreciated","Employees generally appreciate the positive aspects of the benefits offered, such as health insurance, dental coverage, and vision plans. However, concerns arise regarding job security, particularly during non-peak times when Amazon might terminate employment due to perceived inefficiency. There is also criticism of demanding schedules, including excessive overtime and unpredictable shifts, which can lead to burnout. Technical support salaries are seen as inadequate compared to industry standards, especially for those with advanced certifications. Customer service experiences are described as frustrating, with unrealistic expectations placed on employees to resolve complex problems quickly. Management practices are criticized for being inconsistent and unfair, leading"
52,Career Growth,132,121,7,4,"Employees at Amazon value the collaborative, innovative, and ambitious culture that fosters creativity and historical significance. They appreciate the firm's emphasis on hard work, playfulness, and creating impactful change. Despite the demanding workload and limited work-life balance, employees recognize the importance of clear communication and effective management for smooth operations and avoiding burnout. While acknowledging the need for better support for employee well-being, employees overall maintain satisfaction with their experiences due to the company's commitment to professional growth and development opportunities. The company culture is highly regarded, especially for its flexibility and freedom, but it also requires high levels of dedication and productivity from employees. Overall, the sentiment towards Amazon remains positive despite occasional criticisms related to work-life balance and career progression. The company continues to be seen as an exceptional workplace that offers both challenging","Employees generally appreciate Amazon's collaborative, creative, and ambitious culture, particularly its emphasis on teamwork and innovation. However, they often face challenges such as heavy workload, limited work-life balance, and frequent changes in priorities, which can lead to stress and dissatisfaction. Despite these drawbacks, the company offers significant opportunities for professional growth and recognition of achievements. Feedback suggests that while Amazon fosters a rewarding work environment, it requires dedication and resilience from employees to thrive. Overall, the sentiment leans positive, highlighting the company's ability to create meaningful experiences for its workforce despite occasional hurdles.","Employees appreciate Amazon's innovative culture and fast-paced growth but express concerns about workload, organizational structure, and the need to prioritize certain tasks. Some find the company's success inspiring, while others feel overwhelmed by its rapid expansion. Feedback suggests a mix of enthusiasm and caution regarding career development opportunities within the organization. Overall, employees value the opportunity to contribute to shaping the future of technology and business. However, they also recognize the importance of maintaining a healthy work-life balance amidst the high-pressure environment. Recurring feedback includes: 1. **Pace and Ambiguity**: Many employees note that the fast-paced",
53,Work-Life Balance,97,59,27,11,"Employees at Amazon report mixed views on work-life balance, praising the company's focus on individual growth but expressing frustration with the lack of flexibility and personal attention from managers. Remote work is seen as beneficial by many, though inflexible schedules and frequent team leader changes pose challenges. Clear communication and consistent support from management are highlighted as crucial for improving work-life balance and career progression. Despite these issues, the company's reputation for providing competitive compensation and opportunities for growth remains strong. Key recurring themes include the need for better personal attention from supervisors and addressing the pervasive issue of gossip and surveillance within the organization. These factors contribute to an overall perception of fairness and meritocracy despite the acknowledged shortcomings in certain areas. To address these concerns, there should be more transparent communication about expectations and fair evaluation processes, along with measures","Employees generally appreciate Amazon's positive work environment, strong leadership, and opportunities for professional development. However, concerns include long hours, lack of flexibility, and perceived favoritism in promotions. While remote work options are valued, some find the lack of flexibility limiting. Customer service roles often face challenges due to demanding interactions with difficult customers. Overall, Amazon offers a rewarding career path with potential for growth, but requires dedication and resilience. Recurring Feedback: Long hours, lack of flexibility, and perceived favoritism in promotions. Concerns about customer service roles due to challenging interactions with difficult customers.","Employees generally appreciate the company's commitment to fostering a supportive work environment and strong corporate culture, particularly highlighted through positive comments about the company's dedication to customer satisfaction and employee development. However, there are significant concerns regarding wages, lack of work-life balance, limited perks, and perceived unfairness in promotions and career progression. Additionally, some employees express dissatisfaction with remote work arrangements, including difficulties accessing necessary resources and feeling undervalued compared to full-time employees. Overall, while the majority view the company positively, these factors contribute to a complex picture of both strengths and weaknesses within the organization. Recurring Feedback","Employees consistently express dissatisfaction with work-from-home arrangements, citing lack of flexibility, inadequate training, and technical issues. Many complain about overwork, micromanagement, and poor communication with supervisors. Some highlight positive aspects like benefits and virtual call center settings but note challenges such as constant changes in team leadership and insufficient training. Feedback suggests a disconnect between expectations and reality regarding workload, metrics, and career progression. Overall, employees feel undervalued and unappreciated despite some perks, indicating potential systemic problems within the organization. To address these concerns, improvements in training, scheduling, and communication are recommended."
54,Workplace Culture,297,267,18,12,"Employees generally appreciate the dynamic and fast-paced nature of Amazon, highlighting opportunities for continuous learning and growth. However, concerns include high stress levels, lack of collaboration, and perceived micromanagement. Many also note the importance of maintaining a relaxed work environment despite the demanding schedule. While positive aspects include excellent customer service, challenging work, and a supportive team culture, some express dissatisfaction with rigid schedules and limited career advancement options. Overall, the workplace culture is seen as both stimulating and potentially stressful, with varying degrees of enjoyment depending on individual preferences and circumstances. Recurring Feedback: - High-stress levels","Employees generally appreciate the fast-paced, dynamic nature of Amazon, highlighting opportunities for continuous learning and development. Positive aspects include a supportive work environment, recognition, and flexible schedules. However, concerns arise regarding stress levels, particularly during high-pressure periods, and logistical issues related to transportation and shift patterns. Despite these drawbacks, most employees view Amazon as a rewarding workplace overall, emphasizing the importance of teamwork and collaboration within departments. Overall, the positive sentiment outweighs the negatives, making Amazon a highly regarded employer among recent graduates and experienced professionals alike. Recurring Feedback: - Fast-paced environment with constant change and","Employees generally appreciate Google's supportive work culture, which fosters innovation and collaboration among colleagues. However, they also express concerns about burnout due to long hours and lack of personal life balance. Some find the fast-paced environment challenging, while others enjoy the excitement and opportunities for growth. The company's focus on customer service often comes at the expense of employee welfare, leading to strained relationships between staff and management. While many view the relaxed atmosphere positively, it can lead to stagnation without regular career advancement opportunities. Overall, the workplace culture offers both benefits and drawbacks, depending on individual preferences and circumstances.","Employees generally appreciate the positive aspects of the workplace culture, such as the supportive team dynamic, engaging environment, and opportunities for growth. However, concerns arise regarding the lack of alignment between management and company values, which can lead to dissatisfaction among employees. Additionally, some employees express frustration with excessive workload, inflexible hours, and a perceived lack of support for personal lives. There is also criticism of the current structure and lack of career advancement opportunities, particularly for non-binary individuals. Overall, while the majority of employees find the workplace enjoyable, there are significant areas where improvements could be made to enhance satisfaction and inclus"
55,Benefits,249,214,17,18,"Employees generally appreciate Apple's comprehensive benefits package, including discounted computer purchases, tuition reimbursement, and free gym memberships. However, concerns arise regarding promotions being awarded based on managerial preferences rather than merit, leading to high turnover rates among less favored employees. Additionally, the company faces criticism for its rigid hierarchical structure and lack of diversity, particularly in terms of gender and racial representation. Despite these challenges, many employees view the benefits positively, noting the significant impact on retention and overall satisfaction. Overall, the benefits package appears to be a strong selling point for potential hires, although the culture and management practices remain areas for","Employees generally appreciate Apple's comprehensive benefits packages, particularly its strong emphasis on health insurance, education, and wellness programs. However, concerns arise regarding perceived favoritism towards certain employees and a lack of career progression opportunities. While benefits are highly valued, the culture seems to prioritize short-term performance over long-term growth and development. Additionally, some employees express dissatisfaction with the company's overall organizational structure and decision-making processes, noting a significant disparity between expectations and reality. Despite these challenges, the majority of respondents remain satisfied with their employment experiences due to the robust benefits provided. Overall, the benefits package appears to be","Employee feedback indicates that Microsoft offers comprehensive health benefits, which are well-covered and include prescription copays. However, the company's growth rate has slowed, leading to increased bureaucracy and reduced opportunities for personal advancement. Recent organizational changes have caused significant disruption among employees, particularly those who were not directly impacted by these changes. Despite this, employees generally appreciate the quality of their benefits, especially the availability of commercial insurance coverage for families. Some employees express frustration due to constant restructuring and lack of clear communication within the organization. Overall, while benefits are seen positively, the environment feels increasingly bureaucratic and less supportive of individual career","Employees consistently express dissatisfaction with the company culture, particularly regarding treatment of employees and lack of appreciation. Many feel undervalued and overworked, leading to physical injuries due to stress. While benefits are generally positive, employees complain about limited vacation time and prefer more flexible scheduling. There is criticism of favoritism within the team, with some feeling unfairly promoted while others struggle to keep up. Management practices are described as cutthroat, with little focus on teamwork or employee well-being. Overall, despite good benefits, the working conditions are harsh and isolating, making it difficult for employees to thrive. The company"
56,Career Growth,264,211,35,18,"Employees generally appreciate the new management style and teamwork atmosphere, especially during the early stages of the facility's development. However, concerns arise regarding the size of the warehouse, lack of immediate response to problems, limited career advancement opportunities, and inconsistent promotion practices. While the company offers excellent training and benefits, there is a perception that career progression is constrained, particularly at lower levels. Additionally, some employees express frustration with the rapid expansion and turnover rates, which can lead to feelings of isolation and stagnation. Despite these challenges, the majority of respondents highlight the company's commitment to employee welfare and the importance of maintaining","Employees generally appreciate the new management style and teamwork atmosphere, particularly in the startup phase. However, concerns include the size of the warehouse, lack of immediate response times, limited career advancement opportunities, and occasional political tensions among managers. Positive aspects highlighted include excellent benefits, diverse team environments, and flexible work arrangements. While some see potential for significant growth, others note challenges related to rapid expansion and attrition rates. Feedback suggests a dynamic yet sometimes stressful work environment, favoring those who enjoy interacting with customers and technology. Mixed views exist regarding career progression and overall satisfaction levels. Overall, employees value the supportive culture","Employees generally appreciate the benefits and flexible scheduling offered by the company, especially those who started at lower levels. However, concerns arise regarding career progression, particularly for associates who lack formal qualifications or degrees. Many feel that their potential for advancement is limited, despite having relevant experience. Miscommunications between different departments and unclear paths for promotion are common complaints. Additionally, some associates report feeling undervalued, with managers giving vague reasons for not advancing them. While the company offers various resources such as internships and training programs, these often fall short of expectations. Overall, while the workplace is described as positive, the","Employees express dissatisfaction with limited career growth opportunities across various departments within large companies such as Amazon, Microsoft, and retail organizations. Negative reviews highlight a lack of development paths, particularly in fields like marketing and customer service, where employees feel their contributions go unrecognized despite having potential for advancement. Some employees also criticize the aggressive corporate culture, which often results in high turnover rates and a sense of isolation among staff. The overall sentiment suggests a stagnant workplace environment lacking in meaningful growth prospects, especially for younger professionals seeking upward mobility. These experiences underscore concerns about organizational commitment to employee development and retention. Recurring Feedback: Limited"
57,Compensation,147,112,14,21,"Employees at Amazon express a mixed sentiment about the company's compensation package. On one hand, they praise its innovative culture, diverse teams, and supportive work environments, which contribute positively to their overall satisfaction. However, there is significant concern regarding inconsistencies in performance evaluations, fluctuating hiring practices, and financial impacts like reduced stock prices and decreased salaries. These issues have led to frustration and a perception that the company does not value its employees adequately. Despite these drawbacks, employees acknowledge the company's commitment to fostering personal growth and development opportunities. They also highlight the importance of ethical practices and fair treatment, especially concerning drug use and workplace safety. The criticism extends beyond just compensation; it includes broader aspects of corporate culture, including communication, mentorship, and work-life balance. Overall, while employees generally view Amazon favor","Employees generally appreciate Amazon's high compensation, which includes stock options and generous benefits. They also value the supportive work environment and opportunities for professional growth, especially in design and system development. However, there are significant concerns about consistent hiring standards, fluctuating market conditions affecting salaries, and the impact of rapid technological advancements on skill retention. The overall sentiment is mixed, with employees expressing appreciation for the company culture, valued team dynamics, and concern over burnout due to stress from intense competition and workload pressures, particularly during holiday seasons. The frequent communication demands are noted as an issue that leads to feeling overwhelmed. To address these issues, managers should focus on providing clearer career paths and reducing communication burdens while maintaining the current competitive compensation package. This approach would help mitigate the negative impacts of the rapidly changing technology landscape and ensure","Employees generally appreciate the positive aspects of working at Amazon, such as the supportive culture, autonomy, and the chance to contribute to the company's growth. However, they express frustration with the lack of upward mobility, particularly regarding promotions and pay raises. Additionally, concerns arise over the company's focus on data-driven decision-making, which some perceive as prioritizing efficiency over human connection and empathy. The workplace culture is described as hierarchical and sometimes criticized for favoring external hires over internal candidates. Despite these challenges, employees highlight the importance of teamwork and collaboration, noting that the company fosters innovation and creativity among its","Employees consistently express dissatisfaction with Amazon's compensation package, particularly regarding scheduling, vacation days, and overtime. Issues include broken equipment, insufficient notice of overtime requirements, and a culture where employees are encouraged to criticize each other. Negative reviews highlight poor work-life balance, favoritism towards certain groups, and a focus on short-term goals over long-term development. Additionally, employees often feel undervalued, with few benefits beyond basic discounts and stock options. Feedback suggests that despite occasional positive aspects, such as mentorship programs and a strong reputation, the company culture is toxic and lacks genuine care for its employees."
58,Compensation,506,367,73,66,"Employees at Microsoft generally appreciate the company's strong compensation package, including competitive salaries and generous benefits. However, there are growing concerns over limited growth opportunities outside of engineering roles, particularly in non-engineering fields. Many express dissatisfaction with the perceived nepotism in promotion processes, feeling that success often depends on who knows whom rather than merit. Additionally, the work-life balance is criticized, with some finding the intense workload and constant need to perform leading to stress. Despite these drawbacks, the majority view Microsoft as a desirable workplace despite occasional frustrations. Concerns have been raised about limited opportunities for advancement within the organization, especially in areas like technology development and leadership roles. There is also criticism regarding the perceived lack of innovation across various departments, particularly in IS&T, where significant workforce migration to lower-cost locations has","Employees generally praise Microsoft's exceptional compensation packages, including generous salaries, annual bonuses, and stock grants. Many highlight the company's strong benefits and perks, particularly in the technology sector. However, concerns arise regarding limited growth opportunities, especially for non-Mountain View employees, and perceptions of favoritism in promotion processes. Some note dissatisfaction with the work-life balance, citing excessive workload and pressure to perform. Additionally, there are mixed feelings about the company culture, ranging from supportive environments to hierarchical structures that can be challenging to navigate. While overall satisfaction is high, there are notable criticisms related to potential bias in","Employee feedback indicates that Google offers competitive salaries and benefits, particularly for those seeking entry-level positions like SDE1 roles. However, the culture emphasizes hierarchical structures and formalities, which can lead to a sense of alienation among new hires. Despite these challenges, Google provides ample opportunities for career advancement through internal promotions and diverse technology projects. While the company is known for its innovative spirit and cutting-edge research, recent reports suggest that the current leadership may prioritize short-term gains over long-term strategic planning, potentially leading to slower growth and fewer opportunities for higher-ranking employees. Overall, the balance between compensation and workplace","Employees consistently express dissatisfaction with compensation, particularly regarding salary and bonuses. While benefits are generally praised, the lack of significant upward mobility and perceived exploitation of employees' efforts are major concerns. Negative reviews highlight issues such as unrealistic expectations, limited career progression, and unequal treatment based on tenure or position within the organization. Despite occasional praise for certain aspects like benefits and work-life balance, the overwhelming sentiment is negative, indicating a disconnect between compensation and actual value provided by the company. The recurring theme of underpayment relative to industry standards further exacerbates these complaints. Overall, employees perceive the company as exploitative and und"
59,Compensation,375,293,43,39,"Employees at Apple express a mixed sentiment towards their compensation package. On one hand, they commend the company's robust benefits, especially those tailored for students and recent graduates, which include tuition reimbursement and flexible scheduling. These perks are seen as crucial for attracting talent and fostering a supportive work environment. However, there are significant criticisms regarding the alignment between corporate priorities and retail operations, leading to perceived underfunding of the latter. Concerns also surround the lack of upward mobility and the perception of favoritism in managerial decision-making processes. Moreover, the demanding nature of roles, characterized by long working hours and frequent changes in workload requirements, has been highlighted as a major issue. Despite these challenges, many employees still regard the overall work environment as rewarding and supportive. Nevertheless, the criticism extends beyond just compensation;","Employees appreciate Apple's strong compensation package, particularly its generous benefits and competitive pay. However, concerns arise regarding the lack of customer-centric focus, frequent turnover due to poor career progression, and perceived micromanagement. Additionally, some note challenges with communication and integration across different departments, which can lead to inefficiencies. Despite these drawbacks, the majority view Apple as a rewarding employer, offering significant learning opportunities and diverse work environments. Feedback suggests that while the company excels in certain aspects, addressing these issues could enhance overall satisfaction and retention. Overall, the sentiment leans positive, highlighting the value proposition despite minor criticisms","Employees generally appreciate the company's benefits, including health insurance, tuition reimbursement, and flexible work arrangements. However, concerns arise regarding compensation, particularly lower salaries compared to competitors in Dublin and Cork. Noise isolation issues in the office, limited promotion opportunities, and a perceived lack of career progression discourage many employees. Additionally, the company's focus on short-term goals and micromanagement practices are criticized. While some employees find the work environment enjoyable, others express frustration with the lack of work-life balance and frequent overtime. Overall, the company offers decent benefits but faces challenges in attracting and retaining talent due to competitive salaries","Employees consistently express dissatisfaction with compensation packages, citing lack of benefits, unrealistic expectations, and discrimination against certain schools. Many describe poor work-life balance, excessive overtime, and unfair treatment by upper management. While some appreciate basic amenities like discounted products and healthcare, others criticize the company culture as toxic and lacking in recognition and career development opportunities. Despite occasional positive comments about networking and benefits, overall sentiment remains negative due to perceived exploitation and insufficient rewards for hard work. The compensation package is often seen as inadequate compared to industry standards, leading to frustration among recent graduates and students seeking entry-level positions. The company's emphasis"
60,Compensation,100,56,18,26,"Employees generally view Amazon as a positive workplace offering decent compensation, benefits, and opportunities for advancement. However, concerns arise regarding long hours, lack of flexibility, and perceived favoritism within management. Some express dissatisfaction with the physical demands of the job, particularly due to repetitive tasks and limited breaks. Additionally, there are complaints about the intense pace of work, especially during peak periods, leading to burnout and stress. Despite these challenges, many find the overall experience rewarding and worth the effort required. Overall, while Amazon presents itself as a competitive employer, the reality may vary based on individual circumstances and experiences","Employees generally appreciate the compensation package offered by Amazon, including generous health benefits and optional health insurance. However, concerns arise regarding working conditions, particularly in terms of repetitive tasks and lack of breaks. Some employees express dissatisfaction with the pace of work, citing overwork and injuries sustained due to prolonged exposure to heavy lifting. Additionally, there is criticism of the lack of public transportation and limited access to amenities such as canteens and air conditioning. Despite these challenges, positive aspects highlighted include the supportive culture among colleagues, the availability of training programs to enhance skills, and the provision of educational assistance for those seeking further","Employees generally appreciate the company's compensation packages, including medical benefits, personal paid time off, and stock options. However, there are significant concerns regarding workload, scheduling, and job satisfaction. Many report feeling overwhelmed due to constant overtime, lack of flexibility in scheduling, and perceived low value placed on individual contributions. Additionally, some express dissatisfaction with the company culture, citing poor communication from managers and a focus on meeting quotas rather than employee well-being. While the majority find the benefits reasonable, the overall sentiment leans towards frustration and underappreciation of the workplace environment. Recurring Feedback: - Over","Employees generally praise the compensation package, including decent pay, bonuses, health insurance, and benefits. However, many express frustration with scheduling issues, particularly difficulty balancing work and personal life due to long hours and constant pressure to meet targets. Some highlight positive aspects such as quick hiring processes and access to training programs. Others criticize management practices, noting poor treatment of employees, lack of support, and unfair favoritism. Overall, while compensation is seen positively, the working conditions and overall experience are frequently criticized, leading to feelings of dissatisfaction and burnout. The majority of reviews indicate that the work environment feels imperson"
61,Workplace Culture,276,188,26,62,"Employees consistently praise the positive aspects of workplace culture, including friendliness, helpfulness, and a strong focus on employee well-being. Many highlight the excellent work-life balance, diverse range of roles, and the ability to contribute meaningfully to the company's success. However, concerns arise regarding the intensity of the work culture, particularly during peak seasons, and the perceived lack of support for those struggling to manage their workload. Additionally, some employees express frustration with the rigid hierarchy and the perception of favoritism within the organization. While the benefits package is seen as generous, there are occasional complaints about the financial","Employees generally appreciate positive aspects of workplace culture, including friendliness, helpfulness, and a tight-knit team dynamic. However, they express concerns about excessive paperwork, poor work-life balance, and perceived favoritism within certain departments. Many highlight the importance of clear communication and support systems to mitigate these issues. While some praise the company culture for fostering innovation and collaboration, others criticize the rigid hierarchy and high-pressure work environments. Despite the positives, employees frequently report feeling overwhelmed by the demands of the job and struggle to maintain a healthy work-life balance. The culture varies significantly across different groups, with some","Employees generally appreciate the fast-paced and unique workplace culture at various companies mentioned, including Amazon, Google, and others. However, concerns about hierarchy, lack of work-life balance, and social isolation persist among younger employees. Some find the benefits and perks attractive, while others criticize the rigid structure and lack of flexibility. There is also debate over whether the current corporate culture aligns with the values espoused by leadership. Overall, the feedback suggests a complex mix of positives and negatives regarding workplace culture across these organizations. Recurring Feedback: - **Hierarchy Issues**: Many employees express frustration with the hierarchical nature","Employees consistently express dissatisfaction with workplace culture, particularly regarding fairness, work-life balance, and promotions. Negative reviews highlight issues such as unfair treatment of minorities, lack of flexibility, poor communication, and excessive workload. Positive comments include praise for benefits, diversity, and innovative projects. However, concerns persist despite these positives, indicating ongoing cultural challenges within the organization. Overall, the feedback suggests a complex mix of positive aspects and significant areas for improvement in terms of fairness, inclusivity, and work-life balance. Recurring Feedback: - Fairness and Equity Issues: Many employees feel unfairly treated due to friendships"
62,Compensation,327,257,38,32,"Employees at Apple appreciate the company's comprehensive benefits package, including extensive training programs, diverse work environments, and robust support systems. These features significantly contribute to their overall satisfaction. However, they face significant challenges such as long working hours, inflexible schedules, and limited career progression opportunities. The demanding nature of the role requires patience and strong interpersonal skills. Despite these drawbacks, the company is viewed positively for its commitment to diversity and inclusivity. While the compensation packages are highly valued, there are ongoing issues related to management practices and organizational structures, which limit potential for personal growth and autonomy. The company offers substantial benefits and learning opportunities, yet it struggles to attract specialized talent due to lower salary rates compared to local competitors. The managerial team predominantly consists of individuals who have worked in fast-food industries, raising questions","Employees consistently praise Apple's excellent training programs, opportunities for advancement, and generous benefits, particularly in terms of health care, discounts, and private healthcare. However, they express frustration with long hours, inflexible scheduling, and lack of work-life balance. Many note that despite high salaries, employees often struggle to live solely on these earnings, relying on secondary jobs or freelance income. While some appreciate the company's commitment to diversity and inclusivity, others criticize the company's hierarchical structure and perceived prioritization of profit over customer satisfaction. Overall, the positive aspects outweigh the negatives, making Apple a highly regarded employer","Employees generally appreciate the high pay, benefits, and perks offered by Apple Retail, particularly for part-time roles. However, there is significant criticism regarding the lack of upward mobility within the company, making it challenging for employees to advance beyond their current positions. Many feel that promotions and career growth opportunities are limited, especially for those seeking roles outside of retail. Additionally, the company culture is described as somewhat accepting and positive towards diversity, though some employees express concerns about the perceived lack of transparency and direct communication within the workplace. Despite these positives, the overall sentiment leans negative due to the difficulty in advancing within the","Employees express dissatisfaction with compensation packages, particularly regarding salaries, bonuses, and benefits. Many feel underpaid compared to similar roles within the industry. Some highlight lack of recognition for effort, while others criticize management's focus on metrics over human interaction. Concerns include perceived unfair treatment, difficulty advancing professionally, and limited growth opportunities. Feedback indicates a disconnect between expectations and reality, leading to frustration among workers. Overall, employees perceive the current compensation structure as inadequate and inconsistent across different departments. Recurring feedback points: - Low base salaries and lack of raises - Insufficient benefits and perks - Poor recognition"
63,Workplace Culture,984,853,83,48,"Employees generally appreciate the freedom and responsibility inherent in the workplace culture, allowing for quick adaptation and innovation. However, concerns arise over the frequent organizational restructuring, lack of clear career progression paths, and perceived immaturity among some managers. Additionally, some employees express dissatisfaction with the physical demands of their roles, including long hours and limited breaks. Despite these challenges, the majority view the company culture positively, highlighting its supportive nature towards employees and fostering a sense of community. Feedback suggests that while the company offers excellent benefits and training opportunities, there are ongoing issues related to work-life balance, promotion opportunities, and overall job satisfaction. The recurring theme is that despite the positives, many employees feel stressed due to demanding workloads and lack of support from management. This reflects significant variations in experience based on department and role,","Employee reviews overwhelmingly praise Amazon, Microsoft, and Apple for their supportive cultures, exceptional benefits, and opportunities for growth. However, concerns include rapid changes, lack of flexibility, and challenges in balancing work and personal life. Feedback suggests that while these companies excel in various aspects, they face difficulties in maintaining a consistent work environment and addressing individual needs effectively. Overall, employees appreciate the collaborative nature of these workplaces, highlighting the importance of teamwork and mentorship in achieving success. Despite occasional frustrations, the majority view these organizations positively, driven by their commitment to fostering a nurturing environment conducive to professional advancement and personal fulfillment.","Employees generally appreciate the supportive culture and fair treatment provided by Amazon, especially among lower-level positions. However, higher-ups often prioritize their own interests over those of the company, resulting in limited career advancement opportunities. The company's rapid expansion and lack of transparency regarding its operations contribute to a stressful work environment characterized by frequent layoffs and micromanagement. While benefits and perks are available, the emphasis on productivity and meeting targets leads to a lack of work-life balance and minimal opportunities for personal development. Despite occasional improvements, overall satisfaction remains low due to perceived favoritism and a disconnect between leadership and employees. The","Employee reviews indicate dissatisfaction across various aspects of workplace culture, including product offerings, career mobility, communication channels, and overall work-life balance. Negative feedback highlights issues related to limited career progression, inadequate managerial support, and perceived micromanagement. Additionally, concerns exist regarding communication barriers, scheduling difficulties, and a general feeling of being overwhelmed by constant changes and expectations. While some employees appreciate certain benefits and positive working environments, many express frustration with the pace of work, lack of autonomy, and difficulty achieving meaningful outcomes. Overall, the sentiment leans negative, suggesting a need for improvements in these areas to enhance employee satisfaction"
64,Other,411,238,57,116,"Employees generally appreciate the positive aspects of working at Amazon, such as the supportive digital technical support, flexible schedules, and strong company culture. However, they also face significant criticisms regarding the lack of growth opportunities, micromanagement, and inconsistent performance evaluations. Many express frustration with the high-pressure nature of the role, particularly in terms of workload and stress levels. Additionally, there are ongoing issues with communication, leadership, and overall organizational structure, leading to confusion and inefficiency. Despite these drawbacks, the majority of employees remain satisfied with their current positions, citing the company's commitment to innovation and customer satisfaction. The company offers remote work options and financial benefits, but these do not fully address underlying issues. Overall, while employees appreciate many aspects of their workplace, they often feel unsupported and underappreciated","Employees generally appreciate the company culture, flexible work arrangements, and supportive management. However, there are significant challenges related to workload, particularly coding and administrative tasks, which can be overwhelming. Additionally, the company places high emphasis on customer satisfaction, leading to long hours and occasional system downtime. Despite these drawbacks, the overall sentiment remains positive, with many expressing loyalty and enthusiasm for the organization. While some employees feel stifled by rigid hierarchies and limited career advancement opportunities, others find the company rewarding and well-supported. The company culture appears to foster innovation and collaboration among developers, though there are ongoing efforts to","Employees generally appreciate the flexibility and diverse opportunities provided by Apple Inc., particularly through remote work arrangements and varied technical roles. However, concerns persist regarding organizational structure, workload pressures, and communication inefficiencies. Despite these challenges, the company offers robust benefits and a supportive work environment, though some areas require improvement, such as addressing managerial accountability and fostering more effective collaboration across teams. Overall, the experience varies significantly depending on the specific role and location within the organization.","Employees consistently express dissatisfaction with the company culture, particularly regarding management practices, communication, and overall job satisfaction. Negative reviews highlight issues such as call center-like operations, lack of transparency, micromanagement, and inconsistent leadership. Many employees cite poor communication, inflexible schedules, and a lack of recognition for exceptional performance. Additionally, concerns include chaotic work environments, inadequate resources, and a general sense of disconnection from higher-ups. While some praise aspects like customer service and technological advancements, these positives are overshadowed by broader criticisms. The sentiment among employees is predominantly negative, indicating a significant disconnect between expectations and"
65,Career Growth,219,171,29,19,"Employees generally view Amazon Chennai as a positive place to start or re-launch a career, offering extensive learning opportunities, diverse departments, and competitive salaries. However, concerns arise over management bias, lack of career progression, and high turnover rates. Many express dissatisfaction with the company culture, particularly among newer hires, citing politics, unclear career paths, and frequent promotions without merit. While some appreciate the fast-paced nature of the tech industry, others criticize the rigid hierarchical structure and limited upward mobility. Overall, the sentiment leans towards a balanced view, acknowledging both pros and cons based on individual experiences and departmental differences.","Employees generally view Amazon Chennai as a positive place to start or re-launch their careers, offering extensive learning opportunities, diverse departments, and competitive compensation. However, concerns include limited career progression, lack of senior positions, and high turnover rates among managers. Additionally, some express dissatisfaction with the company culture, particularly regarding interpersonal dynamics and expectations. Despite these challenges, most employees appreciate the supportive nature of the workplace and the company's commitment to continuous improvement. Overall, while there are areas for improvement, Amazon Chennai remains a favorable option for those seeking entry-level positions or early-career professionals.","Employees generally view Amazon as a good place to start a career due to its supportive culture and work-life balance. However, they express dissatisfaction with the lack of long-term career prospects, particularly among high-performing individuals who often seek new opportunities upon vesting. Many newcomers appreciate the flexibility offered by the company, though seasoned professionals feel constrained by constant turnover. While praised for providing valuable work experiences, employees also highlight challenges related to career progression and limited growth opportunities. Overall, the positive aspects outweigh the negatives, making Amazon a suitable choice for early-career professionals seeking foundational skills and knowledge. However, there is","Employees express frustration with lengthy waiting times for start dates, lack of clear communication about expectations, and dissatisfaction with the company's approach to career progression. Some find the workplace supportive and enjoyable, while others feel stifled and unfulfilled. There is concern over the quality of training and development opportunities, particularly for newer hires. Many believe the company has a competitive culture that can be draining, especially for younger employees. Overall, the experience varies widely depending on team dynamics and individual circumstances. Employees generally view the company favorably as a starting point, but caution against staying longer than necessary due to limited career advancement"
66,Compensation,146,81,33,32,"Employees generally appreciate the compensation packages offered by Amazon, including competitive salaries and generous benefits. However, they frequently express dissatisfaction with long hours, particularly during peak periods, and lack of control over scheduling. Many find the work-life balance challenging, with frequent overtime required without additional compensation. Additionally, there is concern about the lack of respect shown towards personal lives and the prevalence of favoritism among managers. Despite these challenges, employees highlight the opportunity for professional growth and the chance to influence the company's direction. Some areas report higher-than-average turnover rates, attributed partly to the competitive nature of the market and the","Employees generally appreciate the positive aspects of their roles, such as the opportunity to grow professionally, access to top talent, and robust benefits packages. However, they also highlight several challenges, including long hours, lack of control over scheduling, relocation difficulties, and significant stress due to frequent changes in the business model. Many find the work-life balance lacking, particularly during peak periods, and express frustration with favoritism and micromanagement practices. Despite these drawbacks, the overall sentiment remains favorable, with employees valuing the company’s commitment to innovation and its reputation as a Fortune 5 company. While some suggest","Employees generally appreciate high compensation packages, particularly for recent graduates. However, concerns include excessive work hours, lack of work-life balance, and perceived favoritism in promotions. Some areas report significant stress due to frequent turnover among upper-level managers and intense competition for promotion. Additionally, some feel undervalued compared to external hires, while others express satisfaction with the company culture and benefits. There is also criticism regarding the fairness of managerial ratings and recognition programs. Overall, the majority of employees find the compensation satisfactory, though they often face challenges balancing their professional responsibilities with personal life. The workplace culture varies significantly across","Employees generally appreciate the high salaries and stock options provided by the company, particularly those offered to Area Managers. However, there are significant concerns regarding work-life balance, lack of training, and toxic environments where employees feel undervalued and unsupported. Many areas report feeling overwhelmed by excessive workload without adequate resources or recognition. Additionally, turnover rates are high, especially among lower-level staff, suggesting dissatisfaction with the current organizational structure and management practices. While some see the company as offering excellent benefits and opportunities for advancement, others criticize the lack of clear career paths and the pressure to constantly climb the ladder. Overall, while"
67,Work-Life Balance,460,334,88,38,"Employees generally appreciate Facebook's supportive work environment, strong leadership, and extensive resources. However, they often face significant constraints due to excessive workload, limited headcount, and complex organizational structures. Many express frustration with slow system loading times, lengthy lunch breaks, and difficulty navigating bureaucratic hierarchies. Despite these challenges, employees consistently highlight the positive aspects of their work, including opportunities for growth, collaborative teams, and impactful contributions to society. Feedback suggests that while Facebook offers robust benefits and a diverse range of perks, the sheer volume of responsibilities and the need to manage multiple systems can lead to burnout and dissatisfaction","Employees generally appreciate the positive aspects of their workplace, such as opportunities for professional growth, strong leadership, and supportive colleagues. However, they often express frustration with the demanding nature of the job, particularly regarding workload, management complexity, and lack of autonomy. Despite the vast resources and technological capabilities, employees feel overwhelmed by the sheer volume of work required to maintain operations efficiently. Additionally, the remote nature of work and the need to adapt to rapidly changing conditions pose significant challenges. Feedback highlights the importance of addressing these issues to improve overall job satisfaction and productivity. Recurring Employee Feedback: Employees consistently highlight the","Employees generally appreciate the extensive benefits offered by the company, particularly strong health insurance options and generous vacation days. However, they frequently express frustration with the hierarchical structure, which often results in wasted time and energy due to excessive bureaucracy. Despite having access to advanced systems and resources, employees feel overwhelmed by the sheer volume of tasks required, including managing multiple departments and divisions simultaneously. This leads to feelings of stress and burnout, especially during peak business periods. Additionally, the company culture emphasizes constant innovation and improvement, requiring employees to adapt quickly to changing demands and priorities. While some employees enjoy collaborative environments and opportunities for","Employees consistently express frustration with the fast-paced, high-pressure nature of the work environment, particularly regarding the constant demands placed on them. This includes intense operational responsibilities, frequent changes in roles (e.g., converting SDETs to SEs), and a lack of downtime. Additionally, concerns are raised about the quality of the infrastructure, with reports of outdated codebases and unreliable hardware. Some employees feel overwhelmed by the sheer volume of work and struggle to find meaningful contributions. Despite these challenges, others appreciate the opportunity to work on cutting-edge projects and technologies. However, the overall sentiment leans negative due to the"
68,Management,611,148,26,437,"Employee reviews at Amazon paint a mixed picture, with both positive and negative sentiments dominating. While many praise the company for its competitive compensation, robust benefits, and collaborative culture, they also highlight significant drawbacks. Issues like chaotic management, poor middle-level oversight, and an inflexible work schedule plague the experience. Negative reviews frequently cite problems with communication, micromanagement, and decision-making, leading to feelings of disempowerment and unfair treatment. Employees often describe a toxic work environment characterized by inconsistent performance evaluations and a lack of strategic direction. These criticisms underscore the complexity of workplace satisfaction at Amazon, reflecting broader trends in the tech industry where companies face varying levels of success and employee engagement. The diverse range of opinions suggests that understanding these nuances is crucial for accurately assessing the overall sentiment towards Amazon. To gain","Employee reviews indicate that Amazon is generally viewed positively due to strong teamwork and supportive management, though some criticize the chaotic organizational structure and lack of work-life balance. Conversely, Microsoft receives mixed reviews, praised for its technological capabilities and trustworthiness but criticized for its hierarchical bureaucracy and managerial incompetence. Apple is highly regarded for its innovative products and inclusive workplace culture, yet faces criticism over its demanding work environment and political climate. Google is appreciated for its cutting-edge technologies and collaborative atmosphere, albeit met with complaints about excessive paperwork and limited promotion opportunities. Xbox Live is noted for its high-quality products despite staffing issues and negative","Employees generally view Microsoft as a large, bureaucratic company with outdated management practices. While there are opportunities for growth and exposure to cutting-edge technologies, the company culture is often criticized for its rigid hierarchy and lack of responsiveness to external challenges. Many employees feel undervalued and underutilized, despite having access to valuable resources and autonomy within their teams. The high turnover rate and frequent reorganizations contribute to a chaotic work environment where employees struggle to adapt to changing demands. Despite occasional positive aspects such as strong technical talent and supportive management, overall sentiment leans negative, particularly regarding pay equity, job satisfaction, and organizational","Employee reviews overwhelmingly criticize Apple's workplace culture, scheduling practices, and management style. Many express frustration with frequent changes to schedules, lack of respect for employees, and perceived favoritism towards certain groups within the company. Additionally, negative comments include complaints about the company's handling of customer feedback, low morale among staff, and a general perception of incompetence and inefficiency across various departments. While some praise Apple's products and benefits, these positives are overshadowed by widespread dissatisfaction with the company's operations and leadership. Overall, the sentiment expressed is predominantly negative, highlighting significant areas of concern for potential employees considering employment"
69,Compensation,286,199,39,48,"Employees consistently express dissatisfaction with compensation, particularly regarding salary and potential raises. While some praise the company culture, others highlight issues such as workload, management practices, and career advancement opportunities. There is a general perception that salaries are inadequate relative to market standards, despite occasional mentions of strong benefits packages. Mixed reviews indicate that while some positions offer attractive environments and amenities, others face challenges related to low wages, limited growth prospects, and unfavorable working conditions. Overall, the sentiment leans towards negative feedback, suggesting that employees feel undervalued and undercompensated in comparison to their contributions and responsibilities. The recurring theme","Employees generally appreciate the positive aspects of their workplaces, such as the international multicultural environment, modern facilities, and supportive management. However, concerns include high workload, lack of career development opportunities, and discrepancies in compensation based on experience and education. Many find the low salaries relative to the value provided to be concerning. Additionally, some express dissatisfaction with the company's approach to promotions and career advancement. While the environments are praised, the financial aspects often fall short, leading to feelings of underpayment despite the positive work-life balance and benefits offered. There is a notable contrast between the perceived value of the company and its","Employees generally appreciate the convenience of Amazon's location and the scale of operations, though they feel their compensation is insufficient relative to other major tech firms. There are concerns about promotions being limited for lower-level employees and the perceived low value placed on their contributions. Some find the salary too low, especially for roles requiring significant responsibilities. Mixed reviews exist regarding various aspects such as vacation days, health plans, and remote work options. Overall, while some see positive elements, the majority express dissatisfaction with the current compensation package. Recurring Feedback: 1. **Salary Concerns**: Many employees feel their salaries are","Employee reviews indicate dissatisfaction with compensation, particularly regarding salary hikes and overall value relative to income levels. Negative comments include underpayment, lack of recognition for performance, and concerns about the fairness of the salary structure. Some reviewers express frustration with the perceived lack of growth opportunities and the high turnover rates due to the unattractive compensation packages. There is also criticism of the company culture, including perceptions of favoritism towards certain groups and a focus on quantity rather than quality in hiring practices. Overall, while some employees appreciate the company’s efforts to improve conditions, the majority feel that the current compensation model fails to"
70,Compensation,175,139,27,9,"Employees consistently praise the company's strong culture, diverse talent pool, and innovative product offerings. However, they also express frustration with long-term career progression, lack of upward mobility, and perceived favoritism among upper management. Additionally, some reviewers highlight negative aspects such as high turnover rates due to competitive salaries, inadequate recognition from supervisors, and a demanding work environment characterized by intense pressure and inflexible hours. Overall, the positive sentiment outweighs the negatives, making the company highly regarded for its unique blend of innovation and camaraderie. Recurring Feedback: - Long-term career progression and upward mobility","Employees consistently praise the company's positive culture, innovative product rollouts, and high-quality benefits. However, concerns include difficulty moving up due to talent abundance, slower growth rates, and occasional frustration with bureaucracy and lack of recognition. While compensation is generally seen positively, some employees express dissatisfaction with salary increases and perceive the company as lacking in financial rewards relative to market standards. Overall, the sentiment leans towards satisfaction with the company's offerings despite minor criticisms. Recurring Feedback: - Positive culture, collaboration, and innovation - High-quality benefits and perks - Innovative product rollouts - Talent abundance","Employees generally appreciate the company's dynamic culture, innovative perks, and friendly atmosphere. However, they express dissatisfaction with lower salaries relative to their workload, lack of recognition from management, and perceived favoritism towards female employees. Some find the company culture evolving positively, while others criticize its rigid hierarchical structures and difficulty in moving between departments. There is also concern about the high workload, particularly among junior roles, and the perception that promotions are challenging due to internal competition. Overall, the feedback highlights both positive aspects and areas for improvement within the company. Recurring Feedback: 1. **Salary Concerns","Employees express dissatisfaction with the company's compensation structure, particularly regarding salaries and bonuses. Some appreciate the current salary levels but criticize the lack of flexibility and job stability due to restructuring efforts. Others highlight positive aspects such as strong relationships within the team and supportive HR practices, though they also note issues like group dynamics and perceived favoritism towards existing employees. There is general disappointment with the company's culture, including complaints about hierarchical structures and a sense of alienation among newcomers. Additionally, some employees feel underpaid compared to their peers at other companies, especially when considering factors like location and industry standards. Overall,"
71,Workplace Culture,120,40,21,59,"Employees at Amazon report a mixed sentiment regarding their workplace culture. On one hand, there is appreciation for the company's innovative approach to technology, including robotics and AI. However, this enthusiasm often contrasts sharply with feelings of monotony and lack of variety in daily tasks, which many attribute to long working hours and strict adherence to efficiency standards. The overall atmosphere is described as regimented and impersonal, lacking consideration for employee well-being and autonomy. Despite these criticisms, employees acknowledge positive aspects like supportive relationships with colleagues and management, and acknowledgment of their right to work remotely and promote diversity. This leads to an overall negative sentiment, marked by concerns over job security, fair compensation, and a toxic work environment that fails to meet expectations. Key recurring themes include unrealistic expectations without adequate resources, poor communication, and","Employees generally appreciate Amazon's benefits, including free coffee and generous bonuses, though they express frustration with constant technological changes and rigid schedules. Positive aspects include supportive managers, engaging colleagues, and opportunities for innovation. However, concerns arise regarding excessive overtime, lack of variety in tasks, and perceived loss of autonomy due to micromanagement. Many note the high turnover rate and difficulty advancing within the company. Overall, while the workplace culture is described as positive, the operational challenges and lack of flexibility are highlighted as significant drawbacks. Employee satisfaction varies widely based on specific roles and departments. Recurring Feedback: -","Employees generally appreciate the company's commitment to providing health benefits, financial incentives such as stock options, and generous paid time off. However, concerns arise regarding excessive mandatory overtime, particularly long shifts without adequate rest periods, which can lead to physical strain and burnout. There is criticism of the lack of flexibility in scheduling, including frequent clocking-in requirements and penalties for non-compliance. Additionally, employees express dissatisfaction with the perceived lack of recognition and respect, viewing themselves merely as cogs in a machine rather than valued individuals capable of making meaningful contributions. Some highlight instances of workplace bullying and discrimination, particularly targeting","Employees consistently express frustration with unrealistic expectations, micromanagement, and a focus on efficiency rather than human interaction. Negative reviews highlight issues such as long hours, inadequate breaks, and rigid performance metrics. Many describe feeling dehumanized and stressed due to the emphasis on robotic-like behavior. While some praise benefits and autonomy, these aspects are overshadowed by concerns about fairness and treatment. Overall, the culture appears to prioritize productivity over personal development and social interactions, leading to dissatisfaction among employees. #HRAnalytics #EmployeeFeedback #AmazonCulture #WorkplaceIssues #ProductivityConcerns #HumanInteraction #ManagementStyle"
72,Compensation,103,73,4,26,"Employees generally express strong positive sentiments towards Apple, praising its culture, work environment, and opportunities for growth. They highlight the company's commitment to talent development and its global presence as significant positives. However, some reviewers note occasional challenges related to workload and climate conditions. Overall, the majority of feedback indicates high satisfaction among employees, with few negative comments. While there are instances of dissatisfaction, these are often attributed to personal circumstances rather than systemic problems within the organization. The most common complaints involve workplace dynamics and climate-related issues, which seem to vary significantly across different departments and locations. Despite these minor concerns, the","Employees consistently express strong positive sentiment towards Apple, praising its culture, work environment, and opportunities for growth. They highlight the company's commitment to talent development and innovation, indicating high satisfaction despite occasional minor inconveniences. The majority of reviews emphasize enjoyment and loyalty, suggesting a highly engaged workforce. While some mention specific aspects like exposure to new technologies or networking opportunities, these are generally seen positively rather than negatively. Overall, the feedback indicates a robust and supportive workplace culture at Apple. Recurring Feedback: - Strong praise for Apple's culture and work environment. - High satisfaction levels despite occasional minor incon",,"Employees express varying levels of dissatisfaction with Google, Apple, Microsoft, and Amazon. Many find the companies' culture toxic, particularly regarding racism and lack of work-life balance. While some praise specific aspects (e.g., Apple's cool people), most highlight significant problems such as poor management, high turnover rates, and negative workplace dynamics. Overall, these experiences suggest a need for improvement in addressing systemic issues within these organizations. Recurring themes include: - **Racism**: Multiple reviews point to perceived racial discrimination within the companies. - **Work-Life Balance Issues**: Employees frequently complain about excessive stress and"
73,Compensation,631,553,46,32,"Employee reviews across multiple companies highlight a nuanced view of compensation and benefits. On one hand, many appreciate the opportunity for professional development through structured programs and mentorship. However, there is widespread dissatisfaction with compensation, especially regarding pay equity and the absence of significant performance-based bonuses. Concerns about institutional biases favoring external hires over internal promotions limit career advancement prospects. Additionally, feedback indicates a confrontational work environment, inconsistency in treatment of employees, and an emphasis on short-term goals over long-term growth. Despite mixed sentiments, employees generally acknowledge the value of company benefits and technological advancements but express frustration with perceived unfairness and lack of recognition for contributions. These recurring themes underscore the need for addressing these issues to enhance employee satisfaction and retention. To improve, companies should consider implementing fairer pay practices, providing more","Employees consistently praise Amazon for its supportive culture, innovative spirit, and rapid growth, though noting challenges like rigid hierarchies and low salaries compared to competitors. Concerns include poor communication, micromanagement, and limited career progression. Reviews highlight both positives and negatives, indicating a dynamic yet sometimes stagnant work environment. Overall, employees appreciate the company's commitment to employee happiness and retention, despite occasional frustrations. Recurring Feedback: - Positive: Supportive culture, innovation, rapid growth, empowering management, excellent benefits, friendly coworkers, flexible work arrangements, high employee satisfaction. - Negative: Limited career","Employees generally appreciate Apple's sleek design and supportive work environment, though they note upper management's focus on fostering growth and innovation. However, they criticize the company's secretive nature, forced laid-back atmosphere, and limited opportunities for professional development. Concerns include the company's decline in recent years, difficulty advancing professionally, and perceived favoritism towards certain departments. Despite these criticisms, employees praise the company's benefits, including flexible schedules and remote work options. Overall, the sentiment leans slightly negative due to perceived stagnation and lack of growth opportunities. Recurring Feedback: - Lack of transparency and insider","Employees express dissatisfaction with compensation, lack of growth opportunities, and unstable organizational structures. Negative reviews highlight stagnant salaries, limited equity incentives, and frequent reorganizations. Concerns include insufficient support for remote workers, inadequate benefits, and a toxic work environment characterized by micromanagement and political maneuvering. While some praise the company's technological capabilities and benefits packages, these aspects often fall short of expectations. Feedback suggests that despite its reputation, Microsoft struggles to provide meaningful career advancement and a supportive work culture. The company appears to prioritize external recognition and financial gains over fostering long-term employee engagement and innovation. Overall, employees"
74,Leadership,88,74,10,4,"Employees at Amazon describe an environment marked by innovation, autonomy, and collaboration, offering significant growth opportunities and a supportive culture. Despite these positives, there are notable challenges such as rapid growth, managerial changes, and high workload leading to potential burnout. The culture is appreciated for its supportiveness and emphasis on leadership principles, but it can be seen as peculiar and demanding. Overall, Amazon is viewed as a dynamic and innovative workplace where talent flourishes, requiring dedication and adaptability from employees. The mixed sentiments reflect the complex dynamics of modern corporate environments, balancing ambition with practical realities. To attract and retain top talent, companies must address the balance between growth and stability, provide clear career pathways, and foster inclusive cultures that respect individual needs while promoting collective success. This nuanced approach will help mitigate the drawbacks and","Employees appreciate Amazon's dynamic, innovative culture, high autonomy, and supportive management. Positive aspects include engaging team dynamics, flexible work arrangements, and a strong emphasis on customer satisfaction. However, concerns arise regarding excessive email traffic, rapid growth, and perceived micromanagement. Some note the importance of slow-down strategies during periods of high activity. Overall, employees value the company's ability to foster personal and professional growth, despite occasional challenges related to organizational complexity and external pressures. Recurring Feedback: - Engagement and collaboration among team members - Flexibility in work arrangements - Strong emphasis on customer-centric","Employees generally appreciate the fast-paced, high-pressure nature of working at Amazon, particularly within the context of secret projects. They value the opportunities for end-to-end project ownership and collaboration with smart colleagues. However, many express dissatisfaction with the lack of camaraderie among teams, feeling that collaborations can become adversarial. Additionally, some note the need for clearer communication and support from management regarding career progression and development. Despite these concerns, employees highlight the unique culture, emphasis on personal freedom, and strong commitment to employee well-being. While the environment offers significant potential for innovation and impact, it also presents challenges",
75,Career Growth,163,141,14,8,"Employees generally praise the positive aspects of their workplace environments, such as supportive colleagues, clear communication, and opportunities for growth. However, there are concerns about the fast-paced nature of work, lack of autonomy, and inconsistent performance evaluations. Additionally, some employees express dissatisfaction with the company culture, particularly regarding politics and decision-making processes. Overall, the majority of reviews highlight both strong points and areas for improvement. While the company offers various benefits and opportunities for professional development, employees often emphasize the importance of finding the right fit and maintaining a healthy work-life balance. The varying levels of experience among employees contribute to differences","Employees generally praise the positive aspects of their workplace environments, particularly noting high levels of teamwork, supportive colleagues, and opportunities for career growth. However, some express concerns about the fast-paced nature of work, lack of autonomy, and varying levels of responsibility across departments. Additionally, there are mixed views regarding the company culture, with some appreciating the collaborative atmosphere and others finding it too structured. Overall, the majority of employees view their current positions favorably, highlighting the importance of strong relationships and continuous learning opportunities. While some individuals mention specific drawbacks such as long hours, limited decision-making authority, and inconsistent performance","Employees generally appreciate the opportunity to gain valuable experience through varied roles and responsibilities, particularly those involving hands-on tasks such as managing personal time and interacting with customers. However, there is significant dissatisfaction regarding the lack of clear career progression opportunities, with many feeling their contributions go unnoticed despite their efforts. The perception of the company's culture varies widely; while some see it as highly rewarding due to its structured environment and fast-paced growth, others find it overly demanding and lacking in mentorship. Additionally, the quality of training and development programs seems inconsistent across departments, leading to frustration among employees. Overall, the feedback highlights","Employees generally express dissatisfaction with their working conditions at Amazon, particularly regarding the company culture, workload, and lack of career growth opportunities. While some appreciate the opportunity to gain experience and learn new skills, others criticize the rigid structure and frequent turnover, which they view as detrimental to long-term employment stability and personal development. The negative feedback highlights concerns about the company's focus on short-term gains rather than fostering a positive work-life balance and meaningful professional advancement for its employees. Overall, the sentiment suggests that while there may be room for improvement in certain aspects such as compensation and benefits, the current climate does not align"
76,Career Growth,377,262,71,44,"Employees generally appreciate the positive aspects of the company, including the free food, cool technology, and generous benefits. However, they express frustration with the lack of career development opportunities, bureaucratic processes, and inconsistent promotion practices. Many feel stuck in traditional roles and struggle to progress within the company. Additionally, some find the work-life balance challenging, particularly during peak hours, while others enjoy the dynamic nature of the company. Despite these challenges, the majority view the company favorably, citing its commitment to innovation and diversity. However, concerns persist regarding the lack of upward mobility and the perception that the company values certain","Employees generally appreciate the positive aspects of their workplace, such as the supportive culture, good benefits, and high salaries. However, they express frustration with the slow career progression, bureaucratic processes, and limited opportunities for promotion. Despite these challenges, many find the work-life balance and flexibility appealing. Some highlight specific departments or roles as particularly challenging, while others praise various aspects of the company culture. Feedback suggests that while the company values its employees, there are systemic barriers preventing rapid advancement and significant career growth. The overall sentiment leans towards a balanced view, acknowledging both positives and negatives. Recurring Employee Feedback:","Employees generally appreciate the supportive culture and high-quality benefits provided by the organization, particularly in terms of health insurance and retirement packages. However, they express frustration with the slow pace of career progression, especially at senior levels, and note that promotions often require significant performance improvements. Additionally, some employees feel that the company culture lacks focus on individual career paths, leading to feelings of stagnation. There is also criticism regarding the review process, with many reporting that low-performing employees are frequently identified and dismissed, though this practice varies among different departments. Furthermore, concerns are raised about the increasing bureaucracy within the organization,","Employees generally appreciate the positive aspects of their workplace environment, including a friendly atmosphere, various amenities, and supportive management. However, concerns arise regarding employee retention, career advancement, and work-life balance. Many feel that while the company provides excellent benefits and a comfortable setting, there is limited room for professional growth and significant challenges in maintaining a healthy work-life balance. Additionally, some employees express frustration with inconsistent scheduling practices and a perceived lack of innovation in terms of career paths and technological advancements. Overall, the sentiment leans towards dissatisfaction with the current trajectory of career development and the need for improvements in these areas."
77,Workplace Culture,438,353,59,26,"Employee reviews across multiple companies reveal a mixed sentiment regarding workplace culture. Positive aspects include an exciting place to work with high visibility, engaging cultures, supportive environments, and robust benefits packages. Negative aspects involve ambiguous cultures, lack of direction, rigid structures, slow-moving organizations, and perceived corporate attitudes. Mixed views exist, with some appreciating autonomy and freedom, while others criticize the absence of guidance and structure. Common criticisms mention the high-value placed on technology, which is seen as beneficial for innovation but potentially neglecting the human element. Despite these challenges, many employees appreciate Apple's strong commitment to technology, highlighting its benefits for innovation and efficiency. However, they also express concerns about how this focus might impact the human dimension of their work. The overall picture underscores the complexity of workplace culture, where both strengths","Employee reviews highlight positive aspects such as high-tech environments, flexible cultures, and supportive workplaces. However, concerns include rapid changes, unclear roles, lack of transparency, and challenges adapting to new systems. Many express frustration with rigid structures and hierarchical decision-making processes, particularly in larger organizations. Despite these criticisms, employees appreciate the company's commitment to innovation, customer-centricity, and technological advancement. Overall, the sentiment leans toward appreciation for the company's achievements but criticism regarding organizational inefficiencies and a perceived loss of agility. Recurring Feedback: Rapid Changes, Unclear Roles, Lack of Transparency, Hierarchical","Employees generally appreciate the company's mission-driven culture and its commitment to improving the world through innovation. However, concerns persist regarding the loss of focus on broader goals such as partner and customer relationships, particularly in the Android and Play divisions. Additionally, there are criticisms of the company's bureaucracy, especially in larger departments, and perceptions of favoritism among upper management. Despite these challenges, the majority of employees value the supportive work environment, diverse skill sets, and opportunities for career development. Feedback suggests that while the company excels in specific areas, there is room for improvement in fostering a balanced approach to leadership","Employees generally appreciate Microsoft's strong workplace culture, benefits, and campus amenities. However, they often express dissatisfaction with team placements, lack of opportunities for career growth, and challenges adapting to new technologies and tools. Some find the company culture stifling, lacking collaboration and diversity. There are also concerns about micromanagement, unclear expectations, and a perceived lack of alignment across different teams. Additionally, employees note difficulties in finding meaningful work and maintaining work-life balance. While positive aspects include excellent benefits, diverse talent pools, and innovative products, these are overshadowed by various criticisms related to organizational structure, communication,"
78,Other,260,164,62,34,"Employees at both Apple and Microsoft report mixed sentiments about their workplaces. While Apple is appreciated for its innovative approach and high-level technical expertise, it faces criticism for its secretive nature, demanding work environment, and concerns over job security and career progression. In contrast, Microsoft is praised for its collaborative culture, diverse projects, and supportive benefits but struggles with bureaucratic processes and inflexible policies. Both companies have issues with handling sensitive data and politics/hierarchy that affect employee satisfaction. The overall experience varies based on personal preferences and career goals. To improve, both organizations should address these areas to enhance transparency, flexibility, and support for employees' needs.","Employees generally appreciate Apple's innovative approach and high-level of creativity, particularly in hardware development. They value the close-knit team dynamics and collaborative environment, which fosters a sense of belonging among employees. However, concerns include the intense pressure and secrecy surrounding product releases, leading to potential duplication of efforts and lack of transparency. Additionally, some find the hierarchical management structure limiting personal growth opportunities. Feedback suggests that while the company offers generous benefits and a supportive culture, the pace of technological advancement may lead to burnout due to constant innovation demands. Overall, the positive aspects outweigh the negatives, creating a dynamic yet","Employees generally appreciate Facebook's openness and high-level transparency, which contrasts with the secretive nature of Apple. However, both companies face criticism regarding workplace culture, particularly concerning communication and decision-making processes. Feedback suggests that while Facebook offers a dynamic and innovative environment, it may lack structure and predictability compared to Apple, which provides stability but lacks creativity. Both companies emphasize strong technical skills and dedication among employees, though Facebook's culture is described as more challenging due to its openness. Overall, employees value the opportunity to contribute to groundbreaking projects but express frustration with the rapid pace and frequent organizational changes. They highlight the importance","Employees express dissatisfaction with Apple's fast-paced, high-tech environment, highlighting issues like work-life imbalance, lack of transparency, and secretive corporate culture. Many criticize the company's inability to provide adequate work-life balance, including long hours and infrequent breaks. Additionally, concerns over the company's decision-making processes and lack of strategic vision are raised. Feedback also points to inefficiencies in the company's systems and tools, particularly in how they handle remote workers and developers who need access to sensitive data. Overall, employees feel undervalued and underappreciated despite being highly compensated, leading to frustration and a"
79,Technology,368,281,53,34,"Employees generally appreciate Microsoft's strong technological capabilities, diverse talent pool, and innovative work environments. However, concerns arise regarding work-life balance, particularly among younger employees who feel overwhelmed by constant demands and lack of autonomy. Additionally, some express dissatisfaction with bureaucratic procedures and outdated technology stacks, which hinder productivity and creativity. Despite these drawbacks, the majority view Microsoft as a highly competitive and rewarding workplace, offering excellent compensation packages and ample opportunities for skill development. The company's commitment to fostering a culture of continuous learning and innovation is widely recognized, though some worry about the potential for burnout due to extended work hours","Employees generally appreciate Microsoft's technological leadership and innovative work environments, particularly among younger talent. However, concerns include limited formal training, high turnover due to on-call rotation schedules, outdated technology stacks, and varying levels of work-life balance across departments. Despite these challenges, many view the company favorably for its opportunities for growth, collaboration, and access to cutting-edge technologies. Feedback suggests that while the company offers excellent benefits and a positive work culture, achieving a perfect work-life balance remains elusive. Overall, Microsoft continues to attract top talent despite ongoing organizational changes and bureaucratic hurdles.","Employees generally appreciate the company's cutting-edge technology and strong focus on innovation, particularly among those who feel their contributions are valued. However, concerns arise regarding work-life balance, with some finding it lacking due to constant project demands and lack of autonomy. Additionally, there are mixed views on performance reviews, with some praising the emphasis on personal growth and others criticizing the competitive nature of these systems. Technology stacks vary widely, from outdated to state-of-the-art, affecting both productivity and satisfaction. Overall, the company offers a dynamic environment for learning and solving complex technical challenges, though maintaining a healthy work-life balance remains","Employees generally praise the company's technological offerings and its ability to foster innovation, particularly within the field of technology. However, they express significant dissatisfaction regarding work-life balance, citing excessive overtime, lack of flexibility, and overall stress levels. Many also criticize the company culture, noting political maneuvering and a perceived decline in work-life harmony. Additionally, some employees highlight challenges related to productivity, such as difficulty completing tasks efficiently due to constant interruptions and demanding deadlines. Despite these criticisms, the majority of employees appreciate the company's commitment to providing opportunities for learning and advancement, including access to cutting-edge technologies and potential"
80,Compensation,388,338,27,23,"Employees generally appreciate Microsoft's robust benefits package, particularly healthcare coverage and retirement plans. Many highlight the company's commitment to fostering a collaborative culture and providing ample opportunities for professional growth. However, concerns arise regarding the rapid expansion of the company, leading to increased red tape and reduced innovation. Additionally, some express frustration with the lack of upward mobility within the organization, despite the presence of numerous growth opportunities. Despite these challenges, employees consistently praise the company's dedication to employee welfare and the satisfaction derived from working in such a dynamic and innovative environment. Overall, the sentiment leans towards appreciation for the current state of affairs","Employees generally appreciate Microsoft's robust benefits and positive work culture, particularly in terms of compensation and work-life balance. However, concerns arise regarding increasing bureaucracy, reduced innovation, and a perceived lack of diversity in leadership. Many express frustration with the company's rapid expansion and the resulting challenges in maintaining high standards and fostering creativity. Despite these criticisms, employees remain loyal due to the company's reputation for innovation and talent retention. Overall, the sentiment leans towards appreciation balanced by recognition of ongoing structural issues. Recurring Feedback: - Bureaucracy and Red-Tape - Lack of Innovation -","Employees generally appreciate the supportive atmosphere and collaborative culture, which fosters personal growth and networking opportunities. However, there are significant drawbacks such as lack of upward mobility, limited resources for professional development, and stagnant environments. The benefits package has diminished over time, especially in recent years. While some see the company as steady and well-funded, others find it lacks strategic direction and flexibility. Overall, the environment offers a balance of positive aspects and challenges. Employees express satisfaction with benefits like healthcare coverage, flexible working conditions, and educational programs, but also highlight frustrations with slow-paced work, inflexible structures, and frequent","Employees consistently express dissatisfaction with compensation packages, particularly regarding benefits and pay scales. Many highlight a lack of innovation and creativity in engineering roles, citing excessive focus on marketing and minimal progress towards product improvements. There is also criticism of the company culture, including frequent changes in priorities and a perceived emphasis on self-promotion over actual productivity. Additionally, concerns are raised about career progression, with employees feeling stuck in mid-level positions despite strong performance. Some note challenges related to relocation and international assignments, while others criticize the company's size and bureaucratic structure. Overall, employees perceive the current state of the company as stagnant and"
81,Compensation,546,383,117,46,"Employees at Amazon express appreciation for the company's diverse cultures and broad range of opportunities, especially in its retail branches. However, they also face frustrations with inconsistent delivery times, lack of autonomy, and unclear communication about career advancement. Some highlight the importance of collaboration and innovation, while others criticize the hierarchical structure and perceived lack of commitment to employee development. The feedback indicates a dynamic but often disjointed workplace characterized by both positive attributes and ongoing challenges. Key recurring themes include concerns about delivery times, employee turnover, and the balance between short-term and long-term objectives. Overall, employees feel frustrated with the current state of the organization, particularly regarding communication, leadership, and the company's direction. This mixed sentiment reflects a need for improved coordination and clearer communication among different departments and levels within the company. To address","Employees generally appreciate Amazon's diverse range of opportunities and benefits, including flexible work arrangements and robust health insurance plans. However, concerns persist regarding the pace of change and the lack of clear communication about future directions. Many express frustration with the company's tendency to overlook lower-level contributions and reward top performers disproportionately. Additionally, there are reports of high turnover rates due to dissatisfaction with the current leadership structure and unclear career progression paths. Despite these challenges, employees consistently highlight the company's commitment to innovation and technological advancements, particularly in areas like artificial intelligence and cloud computing. Overall, the sentiment leans towards a balanced view,","Employees generally appreciate Microsoft's adaptability and resourcefulness, particularly in terms of providing opportunities for innovation and personal growth. However, they also express frustration with the company's rigid job scopes, excessive pressure on performance metrics, and inconsistent corporate culture. Concerns include a lack of mentorship, difficulty transitioning between roles, and frequent reorganization efforts that disrupt workflow and morale. Additionally, some employees note a perceived disconnect between upper management and frontline workers, leading to confusion and inefficiency. While the company offers numerous opportunities and competitive compensation packages, concerns persist regarding the balance between ambition and practicality, and the overall","Employee feedback indicates dissatisfaction with various aspects of compensation, including benefits, performance evaluations, and executive leadership. Some positive points include high compensation packages and a supportive corporate culture. However, concerns arise regarding the effectiveness of the evaluation process, particularly among non-developer roles, and the imposition of a rigid scorecard-based culture that prioritizes short-term gains over long-term strategic goals. Additionally, there is criticism of the company's approach to innovation, with some suggesting that while the company has potential, it struggles to implement new strategies effectively due to organizational inertia and a lack of agility. Overall, the feedback highlights a"
82,Workplace Culture,359,313,31,15,"Employees generally appreciate the fast-paced, collaborative nature of their workplace, highlighting the positive relationships with coworkers and the value placed on individual input. However, concerns arise regarding perceived favoritism within management, lack of flexibility in scheduling, and potential negative impacts on remote workers. Additionally, some express dissatisfaction with certain job roles' compensation and benefits, particularly those involving childcare responsibilities. Mixed sentiments also exist around the overall work environment, ranging from enjoyable to challenging, with varying degrees of support for specific features like flexible schedules and remote options. While many praise the company culture and supportive leadership, there are notable criticisms related to","Employees generally appreciate the fast-paced, collaborative nature of their workplace, particularly noting the quality of the staff and the value placed on individual input. Positive aspects include the friendly environment, attractive facilities, and opportunities for growth and innovation. However, concerns arise regarding perceived favoritism among management, lack of flexibility in scheduling, and potential isolation due to closed-off office spaces. Additionally, some express dissatisfaction with remote work arrangements, citing difficulties in maintaining productivity and collaboration. Overall, while the majority view the company positively, there are notable areas for improvement in terms of fairness, accessibility, and support systems. Re","Employees generally appreciate the positive workplace culture at companies like Amazon, Microsoft, and Netflix, highlighting factors such as supportive teams, flexible environments, and efficient processes. However, concerns arise regarding potential downsides, including stress due to demanding workloads, lack of personal space, and challenges in maintaining work-life balance. Some employees express frustration with perceived favoritism in promotion decisions, while others note the importance of learning opportunities abroad. Mixed views exist on the overall atmosphere, with some praising the relaxed and collaborative nature of these environments, whereas others criticize the lack of autonomy and the pressure to meet unrealistic expectations. These","Employees generally appreciate the workplace's relaxed atmosphere and challenging problem-solving opportunities at Amazon. However, they express dissatisfaction with the office layout, particularly the lack of natural light and adequate seating. Many find the hierarchical structure too rigid compared to their expectations from Microsoft. Additionally, there are concerns about climate control, break times, and discrimination against vendors. While some enjoy the fast-paced nature of work, others criticize the low pay and poor environmental conditions. Overall, the review suggests a mixed sentiment, with both positives and negatives outweighing each other. The company culture seems to vary significantly depending on whether employees are full-time"
83,Benefits,293,259,15,19,"Employees generally appreciate the benefits offered by both companies, including discounts, great pay, vacation time, and free software. However, concerns arise regarding the intensity of work, particularly late-night email arrivals, and the difficulty in achieving a good work-life balance. Some employees also note that promotions are difficult to obtain due to competition among colleagues. Additionally, there are criticisms of the company's rapid growth and changes, which can lead to confusion and frustration among employees. While the benefits are appreciated, the intense pace of work and frequent changes within the company create challenges for maintaining a sense of stability and enjoyment at work. These factors contribute to an overall feeling of instability and dissatisfaction among employees. The perception of a lack of genuine health benefits and the expectation to constantly be available for work-related tasks outside of regular business hours","Employee reviews indicate a generally positive outlook toward working at various locations within Apple, Microsoft, and Facebook. Positive aspects include excellent benefits, supportive environments, and opportunities for growth. However, concerns arise regarding work-life balance, inconsistent management practices, and varying levels of satisfaction among different departments. Some employees appreciate the flexibility offered by these companies, particularly those in tech roles, while others face challenges related to physical demands, long hours, and interpersonal conflicts. Despite these drawbacks, the majority of respondents view the benefits and perks provided by these organizations as highly valuable. In summary, while there are notable differences in specific experiences","Employees generally appreciate the comprehensive benefits package offered by Google, including free food, bikes, and health insurance. However, concerns arise regarding the perceived overemphasis on perks, which can lead to a loss of focus on core responsibilities such as work-life balance and productivity. Some employees find the benefits overly generous, leading to feelings of entitlement and reduced motivation. Additionally, the culture seems to prioritize external appearances over genuine engagement and collaboration among peers. While the benefits are seen as top-tier, the perception of arrogance and prioritization of corporate goals over individual needs detracts from overall satisfaction. Feedback suggests that despite the positives","Employees generally appreciate Apple's benefits, including discounts and health insurance. However, many find the company's focus on sales and customer satisfaction detracts from the overall experience. There is criticism of the company's promotion practices, favoring friends and acquaintances over qualified candidates. Some express frustration with the lack of work-life balance and feeling undervalued. Additionally, concerns are raised about the company's emphasis on efficiency and productivity, leading to a sense of alienation among employees. Despite positive aspects such as flexible hours and free transportation, the overall sentiment leans negative due to perceived neglect of employee welfare and a culture"
84,Compensation,288,160,86,42,"Employees generally appreciate the flexibility and potential for growth in contracting roles, particularly those with FTE opportunities. However, they often face challenges related to scheduling, lack of training, and inconsistent communication between departments. Benefits include generous overtime pay, health insurance, and paid time off, though some feel these perks are insufficient compared to traditional full-time positions. Seasonal employees report higher levels of physical strain due to extended work hours and intense workloads, which can lead to burnout. Regular employees value the structured work-life balance and access to education programs, although they express frustration with frequent promotions and mandatory overtime. Temporary workers also experience high stress levels from long working hours and mandatory overtime, leading to burnout. Despite some positive aspects like flexible contracts and benefits, overall perceptions are negative due to issues with compensation,","Employees generally appreciate the flexibility and financial benefits offered by contracting at Microsoft, particularly the ability to work remotely and receive good salaries. However, they express concerns about the lack of structured benefits, the difficulty in achieving work-life balance due to extended hours, and the potential for burnout. Additionally, some contractors face challenges related to finding managed service contracts and navigating the 18-month rule. Seasonal workers often endure long hours, repetitive tasks, and physical demands, while others enjoy the autonomy and perks associated with being a temporary employee. Overall, the positive aspects outweigh the negatives, making Microsoft a favorable option","Employees generally appreciate the seasonal nature of their positions, which provides consistent income throughout the year. However, they express frustration with the fast-paced work environment, frequent reassignments, and lack of consideration for employee well-being. Benefits such as paid time off and voluntary time off are appreciated, but concerns persist regarding management training, compensation, and termination procedures. Some employees find the physical demands of the job challenging, particularly during peak seasons. While the majority view the job as manageable, especially during non-peak periods, the stress levels are high due to the demanding work schedule and mandatory overtime. Opportunities for advancement are","Employees consistently express dissatisfaction with lack of overtime pay, excessive long hours, and poor work-life balance. Many complain about management favoritism, frequent changes in policies, and inadequate support systems. Despite occasional mentions of good benefits, such as holiday pay and flexible schedules, these perks often come with significant demands and pressures. The majority of reviews highlight severe underpayment compared to advertised salaries, particularly for seasonal positions. Employees frequently report receiving mandatory overtime without additional compensation, leading to burnout and stress. Some suggest that Amazon relies heavily on metrics and surveys rather than genuine employee input, further exacerbating workplace issues."
85,Technology,189,124,49,16,"Employees generally appreciate the positive aspects of working at Microsoft, including the great work environment, excellent people, and numerous opportunities for growth. However, they often express concerns about long working hours, particularly during on-call periods, and the lack of flexibility in terms of work schedule and personal life balance. Some reviewers highlight the importance of maintaining a healthy work-life balance despite the demanding nature of the job. Additionally, while many praise the company culture and the variety of tasks available, others note that the workload can become overwhelming, especially for those without prior experience in support roles. Feedback suggests that while the company offers competitive","Employees generally appreciate the high-quality technical support and training opportunities at Microsoft, particularly in Bangalore and Charlotte. However, long working hours, lack of flexibility, and high stress levels are significant drawbacks. While the company offers excellent benefits and a positive work environment, these aspects are overshadowed by the demanding nature of the job. Despite the challenges, many find the opportunities for personal and professional growth rewarding. Overall, the positives outweigh the negatives, making Microsoft a desirable employer despite the current climate. Recurring Feedback: - High-stress work environment - Lack of flexibility - Poor communication from management","Employees generally appreciate the supportive and flexible work environment offered by ECOX, including the absence of strict dress codes and regular social events such as monthly parties. However, concerns arise regarding the limited coding opportunities available to support engineers, particularly those with development backgrounds. Many express dissatisfaction with the low salary compared to other positions within the company, noting that it lacks competitive value. Additionally, some highlight challenges related to long-term career progression and the demanding nature of being on call around the clock. Feedback also points out issues with work-life balance, especially during evenings and weekends when support engineers often face significant responsibilities. Overall","Employees generally appreciate Amazon's commitment to customer service and its reputation as a tech powerhouse. However, they express significant dissatisfaction regarding work-life balance, lack of growth opportunities, and frequent changes in roles. Many feel undervalued, especially in support positions, despite having access to extensive resources. There is also criticism of the company culture, particularly in terms of management practices and communication. Some praise the company's infrastructure and compensation packages, while others highlight ongoing issues with the review system and negative interactions among colleagues. Overall, the sentiment leans towards disappointment and frustration, with few positive aspects outweighing the negatives. The"
86,Career Growth,85,66,9,10,"Employees generally appreciate Amazon's commitment to providing excellent benefits such as healthcare, retirement plans, and financial assistance for education. However, they express concerns about long working hours, particularly during peak seasons, and the potential for termination without cause. Additionally, some employees note challenges related to workplace culture, including discrimination against older workers and inconsistent treatment among different departments. Despite these drawbacks, the majority view Amazon as a supportive and fulfilling place to work, especially during peak seasons when they receive generous bonuses and promotions. Overall, the sentiment leans towards positive, highlighting the company's strong emphasis on employee welfare and satisfaction.","Employees generally appreciate Amazon's physical nature, competitive pay, and positive culture. However, concerns include long hours, lack of flexibility, and potential discrimination. Some note inconsistent treatment among managers. Overall, the company offers good benefits and opportunities for advancement, though challenges persist. Feedback suggests a balance between productivity and employee well-being. While some prefer seasonal roles, others favor full-time positions with better benefits. Mixed views exist regarding management practices and workplace conditions. Employees express satisfaction with promotions and career paths, despite occasional setbacks. The company's reputation for innovation and growth attracts talent, yet challenges remain in terms of workload","Employees generally appreciate Amazon's fast-paced environment and flexible working conditions, particularly in roles like Fire TV Stick installation and seasonal work at Amazon Fresh. However, there are concerns about the heavy workload, lack of career progression, and potential bias in promotion decisions. Additionally, some departments face challenges with inconsistent training and scheduling changes. While the company offers competitive compensation and benefits, including health insurance and restricted stock units, the atmosphere can be challenging, especially for those dealing with long hours and physical demands. Management turnover and perceived favoritism among associates also contribute to mixed feelings. Overall, while Amazon has strong points,","Employees generally express dissatisfaction with temporary staffing practices, low pay, lack of job security, and poor benefits. Some appreciate the benefits and perks offered by Amazon, such as stock options and flexible schedules, while others criticize the company culture, including frequent layoffs, backstabbing among staff, and perceived lack of respect from upper management. The internal software is described as buggy and insecure, leading to frustration among users. Overall, the experience varies widely depending on individual roles and departments, with some finding the environment enjoyable despite its drawbacks, while others feel trapped and unfulfilled. The company's reputation for being a"
87,Work-Life Balance,218,173,32,13,"Employees generally appreciate Apple's customer service and tech support, finding it convenient to schedule appointments and resolve device issues. However, they note the store's constant busyness, making assistance difficult during peak seasons and holidays. Some express frustration with the lack of vacation time, especially during major events like Black Friday and Cyber Monday. Others praise the supportive workplace culture, smart colleagues, and excellent compensation packages. Despite the perks, concerns arise regarding long hours, irregular schedules, and the absence of paid holidays. Critics highlight the demanding nature of the role, requiring quick adaptation to changes and frequent overtime during holidays. Overall","Employees consistently praise Apple's customer service and tech support, highlighting the convenience of scheduling appointments and the availability of holiday pay. However, they express frustration with the constant busyness of the store, particularly during peak seasons and holiday periods. Many note the lack of flexibility in vacation time, especially during major holidays. Additionally, while praised for its supportive work environment and development opportunities, employees often criticize the demanding nature of the job, including long hours, unpredictable schedules, and the pressure to meet unrealistic sales targets. Despite these challenges, employees appreciate the company's focus on innovation and the opportunity to work with talented","Employees generally appreciate the opportunity to learn and innovate within a fast-paced environment, though there are concerns about low pay, limited benefits, and frequent changes leading to uncertainty. The company culture is described as dynamic yet challenging, requiring adaptability and continuous improvement. However, some employees feel overwhelmed by the workload, particularly during peak seasons such as holidays, which can lead to high levels of overtime and stress. Additionally, there are varying experiences across departments, with some finding the work environment supportive and others feeling pressured and unsatisfied. Overall, while the company offers opportunities for personal development and innovation, it also presents challenges","Employees generally appreciate the positive aspects of working at the company, such as the supportive culture, benefits, and opportunities for learning. However, they frequently express frustration with long hours, lack of work-life balance, and difficulty obtaining weekends off. Many also criticize the lack of holidays and bonuses, which contribute to feelings of being overworked and underappreciated. While some praise the company's competitive atmosphere and flexibility in scheduling, others find these qualities challenging to manage effectively. Overall, while the company has made improvements since its peak season, there remains significant room for improvement in terms of work-life balance and employee"
88,Compensation,63,48,11,4,"Employees at Apple express appreciation for the company's commitment to employee welfare through discounts and benefits, but also face significant challenges including unpredictable schedules, frequent customer interactions, and lack of autonomy. Despite this, the collaborative and inclusive work environment, coupled with clear communication and professional development opportunities, maintains high satisfaction, particularly among new hires in sales roles. The company culture values inclusivity and continuous improvement, although some feel it prioritizes customer service over internal growth. While salaries start low, with effort, employees can advance, and benefits are highly valued. However, the intense job demands and potential for burnout, exacerbated by strict promotion criteria based on performance metrics, raise concerns. Overall, Apple offers a dynamic yet demanding workplace that balances support with challenging responsibilities. To address these issues, the company should consider implementing more","Employees generally appreciate Apple's commitment to diversity and providing ample time off, though they note challenges due to high customer traffic and demanding schedules. Positive aspects include excellent professional development opportunities, supportive management, and generous benefits. However, concerns arise over frequent store meetings disrupting personal growth, irregular work schedules, and micromanagement practices. Many find the fast-paced environment stimulating but exhausting, while others prefer a slower pace. Overall, the company is highly regarded for its dedication to employees and customers, despite occasional logistical difficulties. Feedback suggests a need for improved work-life balance and clearer communication regarding promotions and career advancement opportunities.","Employees generally appreciate the supportive leadership and growth opportunities provided by Apple, particularly through the paid onboarding and training periods, employee stock purchase program, and family & friends discount. However, they also highlight several drawbacks such as limited advancement potential beyond store level, inconsistent work schedules, high customer expectations leading to frustration, and a lack of promotions and significant raises. Additionally, some employees find the job monotonous due to repetitive tasks and the absence of clear career progression paths. Despite these challenges, the majority view Apple as a rewarding workplace for those passionate about retail and technology. Overall, while the experience varies among",
89,Other,281,245,23,13,"Employees consistently praise Amazon for its diverse opportunities, fast-paced growth, and high potential for personal and professional advancement. However, they often express frustration with the demanding workload, long hours, and lack of work-life balance. Some highlight the importance of collaboration and teamwork, while others criticize the company culture for being overly competitive and cutthroat. Despite these challenges, most employees remain enthusiastic about their experiences and the positive impact it has had on their careers. Overall, the sentiment leans towards a balanced appreciation of Amazon's strengths and weaknesses. Recurring Feedback: - **Opportunities**: Employees frequently mention the","Employees consistently praise Amazon for its dynamic, ever-changing environment, emphasizing the constant opportunities for personal and professional growth. However, they often highlight the high-pressure nature of the work, including extended overtime and frequent reassignment tasks. Despite these challenges, many appreciate the supportive atmosphere and the sense of community among colleagues. While some express frustration with the fast-paced, sometimes chaotic work environment, others view it as a driving force behind their success. Overall, the positive aspects outweigh the negatives, making Amazon an appealing workplace despite its demanding nature. Recurring Feedback: 1. **Dynamic Environment**: Employees frequently mention","Employees generally appreciate the high level of challenge and excitement at Apple, which they find stimulating and rewarding. However, there are concerns about the lack of work-life balance, rapid changes at the top, and a perceived corporate atmosphere. Some also note that teamwork is lacking, leading to frustration. On the other hand, positive aspects include the opportunity for personal growth through learning experiences, fast-paced environments, and competitive cultures. There is some dissatisfaction with the current state of affairs, including slower progress and higher turnover rates. The overall tone suggests a mix of enthusiasm and criticism, reflecting a dynamic workplace where employees feel both","Employees at Amazon Web Services (AWS) express both positive and negative sentiments about their experience working there. While some appreciate the fast-paced environment, high expectations, and opportunities for growth, others criticize the lack of work-life balance, frequent turnover, and perceived unfairness in promotions. Feedback highlights the importance of finding a balance between challenge and support, suggesting that while AWS offers unique advantages, it may not be ideal for everyone seeking a more relaxed workplace atmosphere. Overall, the sentiment leans towards mixed views, with many valuing the company's culture and technical skills but also recognizing areas where improvements could enhance job satisfaction"
90,Facilities,102,66,24,12,"Employees generally appreciate Apple's technological advancements and positive work environment, despite challenges such as longer commutes and lack of shuttle services to their city. Reviews highlight varied experiences across departments, with some praising the supportive culture, free amenities, and flexible work arrangements, while others criticize politics, low salaries, and insufficient incentives. Overall, the sentiment leans positive, with occasional mentions of frustrations and underperformance. Feedback suggests a mix of satisfaction and dissatisfaction, indicating room for improvement in areas like work-life balance and financial rewards. Recurring themes include appreciation for Apple's technology, positive work environments, and supportive cultures","Employees generally appreciate Apple's technological advancements and positive work environment, despite challenges like longer commutes and lack of shuttle services. Reviews highlight the importance of personalization and flexibility within the workplace, including free shuttle services and occasional perks like free sodexo meals. However, concerns persist regarding fair compensation, particularly for non-executive roles, and the need for improved work-life balance. Many employees value the supportive culture and opportunities for professional development, while others express frustration with rigid schedules and perceived micromanagement. Overall, the sentiment leans positive, with few major complaints, but with room for improvement in terms of financial","Employees generally appreciate the positive aspects of Amazon, such as its supportive management, flexible work arrangements, and various perks like free meals and transportation services. However, they also highlight several drawbacks, including lack of incentives like mid-year bonuses, difficulties in switching between teams, and higher costs associated with certain benefits. Some employees feel that the company could improve its tax-relief guidelines and provide more resources for new hires. Additionally, there are concerns about the workload, especially among those in customer service roles, and the potential for favoritism within the management hierarchy. Overall, the sentiment leans towards a balanced view,","Employees consistently express dissatisfaction with their working conditions, particularly regarding lack of respect, unfair promotion opportunities, and inadequate compensation. The majority of negative reviews highlight issues such as long working hours without adequate breaks, poor communication from management, and discriminatory practices against non-native English speakers. Additionally, there are complaints about insufficient training and resources, including limited access to amenities like free tea/coffee and transportation options. Some employees also criticize the company’s approach to customer service roles, suggesting that while the company values certain aspects (like Sodexo benefits), these perks come at the expense of higher-paying domestic positions. Overall"
91,Career Growth,200,170,23,7,"Employee feedback indicates a positive overall experience with various opportunities for growth and development, including remote work options, diverse skill sets, and frequent project rotations. However, concerns include high-pressure environments, bureaucratic structures, and inconsistent follow-through on career progression. Some employees express frustration with the review system and feel overwhelmed by the number of opportunities. Overall, the sentiment leans towards a balanced view, highlighting both advantages and drawbacks based on individual preferences and circumstances. Recurring Feedback: - Opportunities for growth and development - Remote work options - Diverse skill sets and project rotations - High-pressure environments -","Employees consistently praise the company culture, emphasizing passion, flexibility, and excellent relationships among colleagues. However, concerns arise over process speed, lack of structured direction, and occasional frustration with ambiguous expectations. Some note the importance of taking initiative and being proactive, while others highlight the need for patience and adaptability. Overall, the positive sentiment outweighs the negatives, making Amazon a highly regarded workplace despite minor drawbacks. Recurring Feedback: - Strong camaraderie and supportive environment - Flexibility and autonomy in work arrangements - Valuable professional development opportunities - Ambiguity in role clarity and","Employees generally appreciate Google's vast opportunities and diverse career paths, though they note challenges related to bureaucracy and limited growth prospects. Some see the company as overly focused on metrics and lacking in personalized support, while others praise its inclusive culture and willingness to offer extensive development opportunities. However, concerns persist regarding the difficulty of finding suitable positions, particularly for entry-level roles, and the potential for stagnation due to lack of promotion opportunities. Overall, the sentiment leans positive, highlighting the company's appeal to ambitious professionals seeking dynamic environments and continuous learning.","Employees express dissatisfaction with career growth opportunities at Amazon, citing a lack of focus on improving current projects and opportunities for advancement. Some believe the company culture is positive but overly large, leading to overwork and underutilization of talent. There's also concern about the availability of great opportunities for growth and advancement, particularly among younger employees. The overall sentiment is negative, despite acknowledging the company as a good workplace. Recurring Feedback: 1. Lack of focus on improving current projects and opportunities for advancement. 2. Overwhelming size leading to overwork and underutilization of talent. 3. Concern"
92,Work-Life Balance,172,68,40,64,"Employees at Amazon's fulfillment centers predominantly view the company favorably, appreciating its benefits, flexibility, and competitive wages. However, they face substantial drawbacks including long hours, repetitive tasks, lack of breaks, and micromanagement. Physical demands are strenuous, exacerbated during peak seasons. Despite fair pay, many criticize rigid performance metrics and limited career advancement. Negative sentiments stem from perceptions of unfair termination policies, insufficient compensation, and overburdened workloads contributing to burnout. This leads to an overall dissatisfaction with the work-life balance and managerial support, underscoring systemic issues within the organization.","Employees generally appreciate the consistent pay and benefits provided by Amazon Fulfillment centers, particularly those located in New Jersey. However, the work environment is predominantly negative due to long hours, repetitive tasks, and limited breaks. Many find the physical demands of manual labor exhausting, although mental challenges are minimal. Despite these drawbacks, employees value the stability and growth opportunities within the company. Feedback suggests that promotions are rare, leading to frustration among workers seeking advancement. Additionally, the workload can become overwhelming during peak seasons, causing fatigue and burnout. Overall, while the majority view the job positively, the harsh realities of","Employees generally appreciate the consistent pay and benefits provided by Amazon, particularly in the fulfillment centers. However, they frequently express frustration with the long hours, repetitive nature of their work, and the lack of variety. Many find the work exhausting and stressful, especially during peak seasons. While some positions offer more autonomy and better work-life balance, overall, the culture emphasizes efficiency and productivity, often leading to burnout among employees. Managers may micromanage and prioritize meeting production targets over employee well-being. Despite these challenges, most employees believe the compensation packages are adequate for the region. The sortation center offers similar","Employees consistently express frustration with the demanding nature of work in Amazon fulfillment centers, citing harsh conditions, unrealistic quotas, lack of support, and poor management practices. Many describe long hours, insufficient breaks, and dangerous working environments. While some appreciate the benefits and low rates, others criticize the company culture, including unfair termination policies and a focus on profit over employee welfare. Overall, the negative sentiment outweighs positive aspects, indicating widespread dissatisfaction among workers. The review data suggests significant areas for improvement in terms of workplace safety, fair treatment, and career opportunities. To address these concerns, the company may consider implementing better"
93,Other,375,321,37,17,"Employees at both companies generally appreciate their respective cultures, which emphasize dynamism, experimentation, and innovation. However, they also face significant challenges such as long working hours, unclear career advancement, and inefficient decision-making processes. Concerns about the pace of change and the restrictive nature of the corporate culture further exacerbate these issues. Despite acknowledging the benefits of these environments, employees often feel constrained by rigid structures and practices that limit their ability to contribute creatively and grow professionally. Both organizations have a strong track record of pushing boundaries and embracing change; however, recent developments suggest that the current organizational setups may be hindering productivity and fostering an atmosphere of stagnation. These sentiments reflect a nuanced understanding of how different work environments can impact individual satisfaction and overall performance. To address these concerns, both companies should consider revising","Employees generally appreciate Amazon's innovative culture, supportive environment, and opportunities for growth. Many highlight the importance of failure as a learning tool and the ability to work on groundbreaking projects. However, concerns include burnout due to intense workload, limited career advancement opportunities, and difficulties balancing work-life responsibilities. Additionally, some note the lack of clarity regarding roles and overlapping tasks within departments. While positive, there are mixed views on various aspects such as work-life balance, organizational structure, and overall efficiency. Overall, employees view Amazon favorably despite occasional frustrations. Recurring Feedback: - Innovation and creativity -","Employees generally appreciate the dynamic and innovative atmosphere at Amazon AWS, particularly the opportunity to experiment and develop skills through self-directed projects. However, concerns arise regarding the lack of clear direction and structure, especially for those seeking a more traditional corporate environment. Additionally, there are criticisms of the company's focus on operational efficiency over technological advancement, leading to perceived underinvestment in product quality and user satisfaction. Despite these challenges, the overall sentiment remains positive due to the company's reputation for fostering creativity and innovation within a supportive work culture. While some employees express frustration with the rapid expansion and associated logistical difficulties, the majority maintain","Employees generally describe their experience at Microsoft as steady and safe, with occasional mentions of excitement and innovation. However, they often criticize the lack of creativity, slow pace, and rigid organizational structures. Some express frustration with long-term employees' inability to adapt and innovate, while others complain about the high turnover rate and difficulty in finding suitable roles. There is also criticism regarding the lack of work-life balance, poor communication, and perceived favoritism towards certain departments or teams. Overall, the sentiment leans negative, highlighting both positive aspects and significant areas for improvement."
94,Technology,66,47,12,7,"Employee reviews indicate a generally positive outlook towards the Cloud Support Engineer position within AWS, praising aspects such as the supportive work environment, diverse technological experiences, and the ability to contribute to various projects. However, concerns include high levels of customer-centric pressure, limited personal development opportunities, and inconsistent work-life balance, particularly noted in certain departments. Additionally, some reviewers express dissatisfaction with the lack of recognition for contributions beyond basic customer satisfaction metrics. Despite these criticisms, overall sentiment leans favorable, highlighting the potential for significant career advancement and exposure to a wide range of technologies. The recurring theme emphasizes the importance of adaptability and","Employees generally praise the positive aspects of their roles, such as the supportive work environment, access to cutting-edge technologies, and opportunities for career advancement. However, concerns include long hours, lack of flexibility, and perceived pressure to perform consistently. There are also criticisms regarding the lack of personalized development plans and the difficulty in achieving work-life balance. Despite these challenges, the majority of employees find the overall experience rewarding and beneficial for their professional growth. Recurring Feedback: - Long hours and lack of flexibility - Pressure to perform consistently - Lack of personalized development plans - Difficulty achieving work-life","Employees at various roles within the organization express varying levels of satisfaction regarding their job experiences. While some highlight positive aspects such as broad technical skill development, access to diverse projects, and supportive benefits, others criticize the hierarchical structure, limited career advancement opportunities, and lack of upper management support for accommodating evolving workforce dynamics. Additionally, concerns about workload, high-stress environments, and perceived cultural differences between different departments are frequently mentioned. Overall, the feedback suggests a complex mix of positives and negatives, indicating areas needing improvement in terms of fostering a more inclusive and balanced workplace environment. Recurring Feedback: 1. **","Employees at various roles within the organization express dissatisfaction with their current positions due to perceived lack of advancement opportunities, low salaries, and negative cultural environments. While some highlight positive aspects such as learning experiences and high salaries, others criticize the company's response to employee concerns, including poor communication and inadequate support from management. The overall sentiment suggests a disconnect between expectations and reality among many employees, particularly those in technical roles where they feel underutilized despite having access to cutting-edge technologies. These reviews indicate a need for improved internal processes and more transparent communication to address these issues effectively. Recurring Feedback: 1"
95,Technology,161,133,14,14,"Employees at Apple hold it in high regard for its cutting-edge technology and collaborative environment, despite facing significant challenges such as low salaries, limited career growth, and frequent job changes. The company's emphasis on innovation and customer service is highly valued, yet the rigid organizational structure and micromanagement practices create an oppressive atmosphere that hinders productivity and creativity. Despite these drawbacks, many see Apple as a leader in the tech industry, driven by its ability to innovate quickly and adapt to market demands. The company's success has also contributed to intense competition, which leads to high turnover rates and strained relations between employees and management. While there are varying levels of appreciation for specific aspects like perks and technological advancements, overall, the experience can be quite challenging and unpredictable, particularly for those who do not fit into the traditional","Employees at Apple consistently praise the company's innovative products and exceptional customer service, especially in the retail sector. Despite these positives, they express frustration with low salaries, a lack of promotions, and perceived inefficiencies in decision-making processes. Many find the company culture inspiring yet demanding, with occasional conflicts over priorities. Although benefits are generally favorable, concerns remain about limited professional development opportunities and perceptions of favoritism among upper management. The overall sentiment leans positive, acknowledging both strengths and weaknesses. Key recurring themes include appreciation for high pay, compatibility with personal values, a positive team atmosphere, competent management, and challenges related to consumer expectations and technical knowledge. These issues require ongoing attention to ensure that all aspects of the workplace support and enhance employee satisfaction.","Employees express frustration with inconsistent expectations regarding performance, workload, and compensation. They criticize the company culture, particularly the focus on profit over customer satisfaction, and the high turnover rate due to poor treatment and low morale. Many complain about the lack of growth opportunities and the perceived favoritism towards certain departments or individuals. There is concern about the impact of frequent changes in leadership and the loss of trust among colleagues. Some highlight positive aspects such as the supportive atmosphere and access to resources but note that these are overshadowed by broader dissatisfaction. Overall, the sentiment is one of disillusionment with the company's values and","Employees consistently express dissatisfaction with repetitive tasks, rudeness from customers, limited career progression, and poor work-life balance. While some appreciate certain aspects like benefits and networking opportunities, overall sentiment is negative due to perceived inefficiencies and lack of innovation. Feedback highlights issues with customer service, management style, and technological stagnation. Mixed views exist regarding leadership and culture, with younger employees appreciating more open communication compared to older ones. Despite occasional positive comments, the majority of reviews criticize the company's direction and failings. Overall, employees feel underutilized and undervalued despite potential talent. Recurring"
96,Career Growth,465,384,40,41,"Employees at major tech companies report a mixed experience regarding career growth. Positive sentiments highlight opportunities for growth through innovative projects and leadership roles, but also mention challenges like a flawed review system, frequent organizational changes, and a demanding workload. Negative feedback includes issues with rigid structures, lack of autonomy, and gender bias. This suggests varied levels of satisfaction with career advancement, work-life balance, and corporate culture. While some see potential for growth, many feel frustrated by the current structure and lack of engagement. The overall picture indicates a need for improvement in how these companies foster an inclusive and fulfilling work environment. To address this, companies should consider enhancing transparency in performance evaluations, providing more flexibility in job design, and addressing systemic biases to create a more supportive and motivating atmosphere for all employees.","Employees generally appreciate the diverse range of projects and opportunities for growth at major tech firms such as Amazon, Apple, Microsoft, and Google. While some highlight positive aspects like high standards, collaborative environments, and strong support systems, others express concerns about rigid processes, lack of autonomy, and excessive paperwork. Feedback suggests that while these companies provide ample room for professional advancement, they often struggle with balancing innovation with practical considerations, leading to varying degrees of satisfaction among employees. Despite the challenges, many view these organizations favorably for their ability to foster talent and drive technological progress. Recurring feedback includes: -","Employees consistently express dissatisfaction with career growth opportunities within Apple due to rigid organizational structures and limited decision-making power. While the company offers perks such as flexible working policies and advanced technology access, the lack of autonomy leads to repetitive tasks and slow progress. Projects often suffer from excessive bureaucracy and insufficient independence, resulting in underutilization of talent. Despite these drawbacks, employees appreciate the vast array of professional development opportunities and networking experiences provided by Apple. However, the corporate hierarchy stifles innovation and limits individual contributions, leading to a sense of being ""a small cog in a large machine."" Overall, the workplace culture fost","Employees express dissatisfaction across various aspects of their experience at Google, including life at the company, career opportunities, management practices, and overall workplace culture. Negative reviews highlight issues related to low design competence, management chaos, sexism, and a lack of recognition for achievements. While some employees appreciate certain features like perks and autonomy, others criticize the review system, bureaucratic processes, and constant pressure to meet unrealistic deadlines. Despite these criticisms, many acknowledge the intelligence and dedication of the workforce, particularly those who enjoy collaborative environments and innovative projects. However, concerns about the company's direction, leadership, and the impact of external"
97,Workplace Culture,243,153,18,72,"Employees generally appreciate Apple's positive workplace culture, including its supportive management, excellent benefits, and pleasant physical environment. However, several common complaints include difficulty transferring stores, unfair treatment during transfers, and a perceived lack of fairness in performance evaluations. Additionally, some express frustration with the company's rigid expectations for career advancement and the perception that promotions are tied to favoritism rather than merit. Despite these challenges, many employees maintain a positive outlook, citing the company's success and innovative products as significant positives. Overall, while the workplace remains largely favorable, ongoing efforts to address systemic issues and improve transparency in decision-making","Employees generally appreciate Apple's positive workplace culture, including its supportive management, beneficial benefits, and pleasant working environments. However, some express dissatisfaction with recent changes, particularly regarding the transition process and the perception of favoritism towards certain individuals. Additionally, several reports highlight challenges related to dealing with difficult customers and the perceived lack of fairness within the organization. Despite these concerns, the majority of respondents maintain high satisfaction levels, attributing their positive experiences to the company's commitment to fostering growth and innovation. Overall, while there are instances of frustration and criticism, the overwhelming sentiment remains favorable toward Apple's current state.","Employees generally appreciate the benefits and flexible working hours offered by the workplace culture, particularly the extensive resources available across various departments. However, there are significant concerns regarding management practices, including a lack of checks and balances, insensitivity towards employees, and a focus on individual performance metrics rather than fostering a collaborative environment. Additionally, reports indicate that while the environment is conducive for professional development, it often prioritizes short-term goals over long-term objectives, leading to a potentially unsustainable work-life balance. Furthermore, the review suggests that the current structure lacks effective management oversight, contributing to a toxic atmosphere where individuals feel pressured to","Employees consistently express dissatisfaction with the workplace environment, particularly regarding the lack of support for non-US citizens (e.g., ""Microsoft use every excuse to delay my green card process""), poor work-life balance (""The operational load is unbearable on some teams""), and high turnover rates due to unreasonably demanding tasks (""I have been working here for 4 years and can honestly say this is the worst work environment I have ever experienced""). Additionally, concerns are raised about management's attitude towards employees (""management team has no consideration or respect for its employees"") and the overall atmosphere being toxic (""It's considered baggage"")."
98,Work-Life Balance,136,63,45,28,"Employees generally appreciate the flexibility and positive work-life balance provided by Amazon, particularly through its ""flex-up"" and ""flex-down"" scheduling options. However, concerns persist over the demanding nature of the work, including high-paced environments and irregular schedules. Many express frustration with inconsistent pay and the perception of favoritism towards certain departments or roles. Additionally, some note challenges with communication between management and staff, leading to unclear expectations and difficulties in understanding workplace processes. Despite these drawbacks, the majority view Amazon as a supportive and rewarding employer, especially for those seeking a career in technology or logistics. Overall,","Employees generally appreciate the flexibility and variety of roles available at Amazon, particularly those involving sorting packages and managing warehouses. Positive aspects include: - **Flexible Schedules:** Many employees enjoy their flexible schedules, allowing them to balance work with personal commitments like school and family. For instance, some prefer shorter shifts during the day or afternoons rather than starting early in the morning. - **Positive Working Environment:** The workplace culture is described as positive, with friendly interactions among colleagues. Managers and supervisors are praised for their courtesy and supportiveness. However, there are also concerns expressed regarding certain aspects of the job:","Employees generally describe positive aspects such as flexible schedules, occasional bonuses, and enjoyable work environments. However, they also express dissatisfaction with long hours, low pay, inflexible scheduling, and lack of career advancement opportunities. Many feel undervalued due to inconsistent performance evaluations and unfair treatment from management. While some appreciate the physical demands and teamwork, others find the work monotonous and repetitive. Overall, the experience varies widely based on individual preferences and circumstances. This summary captures the essence of the provided reviews, highlighting both the positive and negative sentiments expressed by employees regarding various aspects of their work environment and conditions","Employees generally report positive aspects such as pleasant workplace environment, good facilities, and supportive HR staff. However, negative feedback predominantly focuses on poor management practices, excessive workload, lack of resources, and inadequate communication. Many express dissatisfaction with inconsistent schedules, insufficient breaks, and unclear expectations. While some appreciate the straightforward nature of the work, others criticize the high turnover rate due to perceived unfair treatment and low morale. Overall, the experience varies significantly among different roles and departments, highlighting both strengths and weaknesses across various facets of employment. Recurring Feedback: - Excessive workload and pressure - Lack of"
99,Career Growth,561,488,53,20,"Employees generally appreciate the positive aspects of their workplace culture, such as flexible environments, brand recognition, and opportunities for professional development through online resources. However, they also express significant concerns about career progression, lack of mentorship, and perceived discrimination against non-MBA candidates. Many feel that the company's approach to managing talent is overly hierarchical and lacks personalized attention. Additionally, some express frustration with the fast-paced nature of the job and the pressure to meet unrealistic expectations without adequate support. Despite these challenges, the majority of employees find value in the current state of affairs, indicating a mixed but largely positive sentiment towards their careers within the organization. The data highlights both strengths and weaknesses in the company's approach to career growth, suggesting areas for improvement in terms of fostering more inclusive and supportive environments. To address these","Employees generally appreciate the dynamic nature of their workplace, particularly in retail settings, where adaptability and problem-solving skills are highly valued. However, concerns arise regarding career progression, with some feeling constrained by rigid hierarchical structures and limited opportunities for lateral moves. Additionally, the rapid pace of change and frequent organizational restructuring can lead to uncertainty and burnout among employees. Despite these challenges, the majority view the company culture positively, emphasizing teamwork, innovation, and continuous learning. While compensation varies widely depending on position and tenure, overall satisfaction remains high due to the supportive work environment and numerous development opportunities. Feedback suggests that the","Employees generally appreciate the relaxed work environment and various benefits offered by these organizations, such as free transportation and perks like health and safety coordinators. However, they express concerns about career growth prospects, particularly regarding the review process and networking opportunities within the company. Some feel stifled by the emphasis on interpersonal connections rather than professional achievements, while others believe the focus on collaboration and teamwork can hinder individual career development. Additionally, there is a perception among some employees that the pace of change and frequent relocations make it difficult to establish a stable career path. Overall, the sentiment leans positive toward the overall experience, but","Employees express dissatisfaction with career progression and lack of growth opportunities at Apple Retail, despite positive aspects such as benefits and learning experiences. Concerns include perceived favoritism towards younger workers and a shift away from customer-centric values. Negative reviews also highlight poor management practices, including discrimination against non-MBA candidates and excessive political interference. Some suggest moving to other companies for better career prospects. Overall, the sentiment is negative, with few positive comments regarding the current state of career development and advancement opportunities."
100,Workplace Culture,730,505,80,145,"Employees at Amazon and Microsoft have contrasting views on their respective workplaces. At Amazon, there is appreciation for its innovative culture, supportive leadership, and opportunities for personal and professional growth. However, employees also face challenges such as long hours, high turnover rates, and occasional workplace conflicts. Despite these drawbacks, the vast majority view Amazon as a highly desirable employer. On the other hand, employees at Microsoft report a faster-paced environment, increased pressure, and limited upward mobility. Both companies offer competitive compensation packages, but Amazon emphasizes inclusivity and community engagement, which sets it apart from Microsoft's culture characterized by rapid pace, increased pressure, and limited support for remote workers. Overall, while Amazon's culture is generally viewed positively, Microsoft's culture is often criticized for its demanding nature and lack of engagement. Employees at","Employees consistently praise Amazon for fostering a dynamic, innovative workplace culture that encourages continuous learning and personal growth. Many highlight the inspiring leadership, collaborative environment, and commitment to employee happiness. However, concerns arise regarding long hours, lack of transparency, and potential favoritism among upper management. Despite these challenges, the majority view Amazon as a highly desirable employer, particularly for those seeking rapid career advancement and fulfilling work experiences. Feedback suggests that while the company excels in creating a vibrant atmosphere, it often struggles with balancing productivity with fairness and inclusivity across various departments and locations. Overall, the sentiment leans towards appreciation","Employees generally appreciate the workplace culture at Amazon, with perks like unlimited vacation days and a supportive environment. However, the constant turnover and demanding workload can lead to burnout. While customer service representatives find the work rewarding due to the variety of tasks and meaningful impact, others express frustration with micromanagement and low morale. In contrast, tech companies like Google offer great benefits and work-life balance, despite occasional unrealistic expectations. Microsoft faces challenges with top-heavy structures and frequent reorganizations, while retail associates face repetitive, emotionally draining work. Overall, the culture varies significantly among departments and positions, with some finding satisfaction","Employees consistently express dissatisfaction with workplace culture, citing poor communication, limited growth opportunities, lack of variety in tasks, and perceived unfair treatment. Negative reviews highlight issues such as inflexible scheduling, insufficient training, and a toxic work environment characterized by micromanagement and a sense of alienation. Many employees feel undervalued and unsupported, leading to burnout and turnover. While some praise aspects like strong benefits and camaraderie, overall sentiment remains predominantly negative. The review data suggests a pervasive issue of underappreciation and mistreatment within the organization. Recurring Feedback: - Limited Growth Opportunities"
101,Career Growth,77,54,17,6,"Employees generally appreciate the positive aspects of their workplace, such as the supportive culture, diverse activities, and access to resources. However, they express concerns about unclear roles and responsibilities, lack of autonomy, and inflexible work schedules. Many feel stifled by organizational complexity and frequent changes, leading to frustration and burnout. Despite the perks, the rapid pace and high expectations create a challenging work environment where personal growth may be hindered. While some highlight the company's innovative culture and opportunities for advancement, others criticize the rigid structure and micromanagement practices. Overall, the sentiment leans towards a balanced view,","Employees appreciate the variety of sports facilities, free benefits, and supportive co-workers at Microsoft, particularly among Data Scientists. However, concerns include unclear role definitions, lack of documentation, and frequent back-and-forth meetings, leading to inefficiencies. Career advancement is hindered due to the fast-paced nature of the company, resulting in burnout. Conversely, Amazon offers a positive work culture, competitive salaries, and networking opportunities, though long commutes and outdated equipment are noted. Google emphasizes its flexible culture, diverse skill sets, and innovative projects, yet acknowledges slower changes and occasional political tensions. Microsoft Data Scientists","Employees at Microsoft report varied experiences across different roles within the company. Data Scientists value the opportunity to tackle complex challenges and collaborate with smart colleagues, though they face difficulties in finding meaningful promotions due to factors like team dynamics and organizational changes. Data Analysts appreciate their intellectual stimulation and collaborative environment but struggle with high peer pressure and lack of career advancement opportunities. While applied Data Scientists enjoy flexible schedules, decent pay, and supportive managers, they often feel constrained by the breadth of available tasks and may encounter resistance from less accommodating teams. Senior Data Scientists express frustration with politics, restructuring, and a perceived inability to make substantial","Employees generally have negative views about their career growth opportunities within the company. The Data Associate at Amazon (Ramanujan) expresses dissatisfaction with the workplace environment, citing poor management practices as a significant issue. They also highlight lower salaries compared to other companies offering similar roles. Conversely, some employees appreciate learning opportunities and travel benefits provided by Amazon. However, there seems to be a lack of clear progression paths, which contributes to feelings of stagnation. In general, the data center technicians report more positive experiences, particularly regarding hands-on training and job security, but they also note challenges related to mental stimulation and"
102,Leadership,155,114,35,6,"Employees generally appreciate the autonomy and innovation opportunities provided by large corporations like Amazon, Google, and Facebook, where individuals have significant control over their work environments and projects. They also value the leadership's empowerment and autonomy, which fosters innovation and growth. However, they face challenges such as high workload, decision-making pressures, and navigating complex systems. Smaller companies like tech startups offer a more entrepreneurial atmosphere but may lack stability and security. Overall, while many find the autonomy and innovative possibilities appealing, the demanding nature of the job, including long hours and high stress, can deter some from pursuing promotions. The company culture emphasizes creativity and intelligence, offering flexible work arrangements and competitive benefits. Despite these positives, the lack of financial incentives and opportunities for advancement can be discouraging. Therefore, while there are pros","Employees generally appreciate Amazon's autonomy and innovation opportunities, particularly those with strong leadership. However, they express concerns about work-life balance, managerial scrutiny, and occasional lack of recognition. Some highlight the fast-paced, entrepreneurial culture, while others note the pressure to perform and the need for structured environments. Overall, the positive aspects outweigh the negatives, making Amazon a desirable workplace despite its challenges. Recurring Feedback: - **Autonomy**: Highly valued, though balanced by the need for discipline and focus. - **Work-Life Balance**: Often criticized due to long hours and perceived imbalance between work and personal life","Employees generally appreciate the autonomy and innovative nature of the tech industry, with many finding significant satisfaction in tackling complex challenges independently. However, there are concerns regarding work-life balance, decision-making processes, and organizational structures, particularly in larger companies where autonomy can lead to increased workload and stress. Additionally, some find the pace of change overwhelming, while others feel underutilized or micromanaged. Overall, the tech industry offers both immense potential and significant pressures, requiring careful navigation to maintain a healthy work-life balance.","Employees generally appreciate the company culture and teamwork, despite some criticisms about leadership practices and autonomy. There is significant dissatisfaction regarding team management, particularly concerning autocratic decision-making processes and lack of consideration for individual perspectives. Many feel unprepared for the fast-paced nature of the work environment and struggle to maintain work-life balance due to high expectations and pressure. Some highlight positive aspects such as autonomy and potential for growth, while others criticize the company's approach to rewards and recognition. The perception of the company being ""bigger than itself"" and having a complex bureaucratic structure is also noted. Overall, there is a mix"
103,Work-Life Balance,308,221,50,37,"Employees generally appreciate the positive aspects of their workplace, including the supportive colleagues, flexible working conditions, and various learning opportunities. However, significant concerns include excessive work pressure, lack of work-life balance, and perceived unfair treatment due to corporate philosophy emphasizing rapid turnover. Some highlight challenges with remote work flexibility, particularly regarding communication and accountability. Overall, the feedback suggests a complex mix of appreciation and dissatisfaction, with employees expressing both satisfaction and frustration with their current work environment. Recurring Feedback: - Excessive work pressure and tight deadlines - Lack of work-life balance - Remote work flexibility issues -","Employees generally appreciate the positive aspects of their workplace culture, including flexibility, diverse team environments, and opportunities for skill development. However, significant concerns include high levels of stress, frequent turnover, and perceived lack of work-life balance. Many express frustration with unrealistic expectations, particularly regarding workload and performance standards. While some highlight unique features such as innovative technology and collaborative environments, others criticize the intense pace and constant need to adapt to changing demands. Despite the positives, the majority of feedback indicates that the current structure does not adequately support a healthy work-life balance, leading to feelings of exhaustion and dissatisfaction. These challenges suggest","Employees generally find Amazon's work-life balance challenging due to high-pressure environments and strict performance metrics. Some appreciate the fast-paced nature and flexibility, while others face significant stress and burnout. The company values innovation and collaboration, but also prioritizes efficiency and cost-cutting measures. Feedback suggests that while Amazon offers unique perks like mobile tech benefits and learning opportunities, the overall atmosphere can be demanding and isolating. Managers often report high levels of workload and narrative writing, leading to potential strain on both personal and professional lives. Overall, the experience varies widely among departments and roles within the company. This summary","Employees consistently express significant stress due to unreasonable workloads, unrealistic deadlines, micromanagement, and unhealthy work-life balances. Many describe feeling overwhelmed, exhausted, and unable to manage personal responsibilities while juggling demanding tasks. Negative comments include complaints about lack of work-life balance, unfair treatment, and toxic environments characterized by competitiveness and fear. Some highlight challenges with technology integration, particularly regarding new hires' experiences within the organization. Overall, employees feel undervalued, pressured, and often left unsupported despite adequate compensation. These factors contribute to a pervasive sense of dissatisfaction among workers, impacting morale and productivity across various departments"
104,Compensation,865,707,84,74,"Employee reviews reveal a mixed sentiment toward compensation and workplace culture. While many appreciate high salaries and generous benefits, others criticize low pay, lack of career advancement, and unfair treatment. Perceptions differ significantly based on industry and role type, highlighting the need to consider individual circumstances. Key issues include dissatisfaction with promotions and career opportunities, limited growth prospects, and a focus on profit over employee well-being, contributing to high turnover rates. These factors underscore the importance of addressing these disparities to improve overall job satisfaction and retention. To address this, companies should prioritize fair compensation practices, provide clear career pathways, and ensure equitable hiring processes that value both qualifications and diversity. This would help create a more balanced and satisfying work environment for all employees.","Employee reviews indicate a mix of positive and negative sentiments towards compensation packages across various roles. Positive aspects include high salaries, generous benefits, flexible work schedules, and opportunities for professional growth. However, concerns arise regarding limited upward mobility within the organization, particularly in retail settings, and challenges related to work-life balance and management practices. Overall, employees appreciate the supportive corporate culture and the sense of belonging among peers, though these factors sometimes mask underlying frustrations and perceived unfairness in compensation structures. The diversity of experiences reflects varying levels of satisfaction based on individual circumstances and expectations.","Employees generally appreciate the comprehensive benefits package, particularly healthcare and financial incentives, though concerns persist regarding work-life balance and career progression. Variations among teams suggest disparities in treatment and opportunities, with some groups experiencing better support compared to others. Feedback highlights challenges related to management practices, lack of clear career paths, and frequent organizational restructuring, impacting overall job satisfaction and stability. Despite these drawbacks, the majority of employees value the company’s commitment to technology innovation and global competitiveness. However, the perception of fair compensation and equitable treatment remains inconsistent across departments, leading to varied experiences within the workforce. The review indicates a complex","Employees consistently express dissatisfaction with the company's treatment of contractors compared to regular employees, lack of growth opportunities, unfair scheduling practices, and limited access to resources such as free food and transportation. Negative reviews highlight issues related to contractor status, perceived favoritism towards contractors, and a general sense of disconnection between management and workers. While some employees appreciate certain benefits and opportunities, overall sentiment remains negative, particularly regarding fairness and progression within the organization. The company culture is described as impersonal and sometimes toxic, especially among lower-level employees. Feedback suggests that while the company offers good benefits and a supportive work environment"
105,Leadership,696,433,143,120,"Employees generally appreciate the unique culture and strong benefits provided by Microsoft, Azure, Dynamics, and LinkedIn. They also acknowledge the diverse opportunities and broad range of experiences offered by the company. However, concerns arise regarding leadership quality, particularly in terms of decision-making processes and alignment with strategic goals. Compensation packages are considered satisfactory, but there are instances of perceived unfairness due to differences in peer evaluation standards across organizational units. The company faces challenges related to internal politics, frequent reorganizations, and a rigid hierarchical structure that stifles innovation and creativity. Despite these drawbacks, many employees maintain a positive outlook, attributing their satisfaction primarily to the collaborative nature of the workplace. While some employees express frustration with unclear development paths, inconsistent management structures, and perceived unfair treatment of certain departments or individuals, others criticize the rigid","Employees generally appreciate Microsoft's strong compensation packages and broad opportunities for personal and professional growth. Positive aspects include a diverse range of roles and departments, collaborative environments, and a commitment to innovation. However, concerns arise regarding leadership practices, particularly in terms of micromanagement and inconsistent performance evaluations. Additionally, some employees express frustration with the company's rapid expansion and perceived lack of strategic direction, leading to feelings of stagnation and disconnection among lower-level employees. Despite these challenges, many view Microsoft as a rewarding employer for individuals seeking impactful careers and significant professional development. Overall, the sentiment leans towards a balanced assessment","Employees generally appreciate the flexibility and compensation offered by these companies, particularly in terms of work schedules and bonuses. However, concerns arise regarding stagnant leadership movements, cultural entrenchment, and organizational inefficiencies such as slow innovation and rigid hierarchies. Feedback highlights the importance of clear communication and mentorship within organizations, suggesting that fostering a collaborative and inclusive culture may improve overall performance and satisfaction. Despite the challenges, many employees express enthusiasm for the opportunity to contribute and innovate within these environments. The experiences vary significantly across companies, reflecting diverse organizational dynamics and priorities. Overall, while some companies offer robust support systems and","Employees express frustration with Apple's political climate, Amazon's broken management structure, and Microsoft's lack of focus and direction. Concerns include burnout, micromanagement, low morale, and a disconnect between upper management and employees. Negative reviews also highlight issues with leadership, unclear career paths, and a lack of innovation. While some praise the benefits and opportunities, overall sentiment is negative, indicating dissatisfaction with the company's direction and culture. Employees suggest improvements such as clearer communication, fairer treatment of employees, and a stronger emphasis on innovation. The summary highlights common themes of disappointment and criticism across different industries"
106,Compensation,280,202,49,29,"Employees generally appreciate the flexibility and variety in their roles, particularly the ability to work remotely and participate in training programs. However, they also face significant challenges, including long hours, irregular schedules, and high stress levels. Despite this, they acknowledge certain advantages like vacation time and healthcare benefits. There is widespread dissatisfaction with compensation, specifically regarding pay parity and benefits. Many feel that the work environment lacks meaningful career advancement opportunities and adequate benefits compared to industry standards. The overall sentiment reflects a complex mix of appreciation for specific perks versus criticism of systemic issues affecting job satisfaction and career prospects. The recurring themes emphasize the importance of addressing these systemic problems to improve overall job satisfaction and retention. To address these concerns, companies should consider implementing more transparent salary structures, providing clearer career progression paths, and enhancing benefits packages to better","Employees generally appreciate the positive aspects of compensation, such as generous benefits and strong pay, which allow for flexibility and growth opportunities. However, concerns arise regarding insufficient vacation time, lack of promotions, and perceived unfairness in the evaluation system. Additionally, some express dissatisfaction with the physical environment, particularly the long hours and stressful conditions, especially during peak seasons. Despite these challenges, the majority view the company culture positively, highlighting supportive leadership and collaborative environments. Overall, the sentiment leans towards a balanced perspective, acknowledging both strengths and areas for improvement.","Employees generally appreciate the compensation package offered by the company, including competitive wages, bonuses, and stock options. However, there are significant concerns regarding work-life balance, particularly due to long hours, frequent overtime, and lack of flexibility in scheduling. Many employees report feeling undervalued and underutilized, despite receiving promotions and training opportunities. Additionally, the perception of favoritism among management has been raised as a recurring issue, affecting morale and productivity. While benefits such as health insurance, paid time off, and voluntary time off are appreciated, the perceived lack of recognition and appreciation from management further contributes to","Employee reviews indicate dissatisfaction with compensation, particularly regarding pay rates, benefits, and job satisfaction. Negative feedback highlights issues with pay parity, lack of growth opportunities, and perceived unfair treatment. Some employees express frustration with long hours, limited vacation time, and difficulty advancing within the company. Others criticize the company's focus on profit margins rather than employee welfare, leading to concerns about job security and fair treatment. Overall, the sentiment is predominantly negative, with employees expressing disappointment and feeling undervalued despite occasional positive aspects. Key recurring themes include pay disparity, lack of benefits, and difficulties in achieving career advancement. These"
107,Technology,400,333,47,20,"Employees generally praise Microsoft for its cutting-edge technology and smart workforce, particularly in areas like cloud computing and artificial intelligence. However, they express frustration with bureaucratic processes, limited career progression, and a lack of clear strategy. Many believe the company should prioritize innovation and adaptability to stay relevant in today's rapidly evolving tech landscape. While some appreciate the company's commitment to diversity and inclusion, others criticize the rigid hierarchical structure and excessive focus on maintaining status quo. Overall, the sentiment leans towards dissatisfaction with the company's performance and future direction despite its technical prowess. Recurring Feedback: - Bureaucracy, Career Progression, Strategy, Hierarchical Structure, Status Quo, Rapid Growth, Job Roles, Organizational Challenges, High Quality Team Environment, Benefits, Top Talent Attraction, Company Culture","Employees generally appreciate the intelligence and creativity of the workforce at Amazon, particularly in the AWS division. They value the opportunity to work with smart people and access cutting-edge technology. However, they express frustration with the company's bureaucratic processes, rigid policies, and potential for political favoritism. Despite these challenges, many find the company's rapid growth and global impact rewarding. Some highlight the importance of strong leadership and visionary direction, while others note the pressure to constantly innovate and adapt to rapidly changing markets. Overall, the sentiment leans positive despite the complexities and occasional frustrations. Recurring Feedback: - B","Employees generally appreciate the dynamic nature of working at Microsoft, citing opportunities to tackle complex problems and contribute to groundbreaking innovations. However, they express frustration with excessive bureaucracy, inflexibility, and a lack of focus on strategic direction. Some highlight the importance of collaboration and mentorship, while others criticize the rigid structure and frequent role changes. Overall, the positive aspects outweigh the negatives, particularly regarding technical skills and professional growth opportunities. While the company offers a unique blend of technological prowess and innovation, it faces challenges related to organizational efficiency and cultural fit. Feedback suggests that employees seek a more collaborative and flexible workplace culture","Employees express frustration with Amazon's direction, focusing on areas like unclear leadership, slow progress, outdated processes, and a lack of collaboration. Many highlight the need for agility, transparency, and innovative thinking. Concerns include management practices, team dynamics, and the company's size and structure. While acknowledging the presence of talented individuals, there is a perception that Amazon fails to effectively utilize these skills and fosters a competitive rather than collaborative work environment. Feedback suggests that despite strong technical capabilities, the company struggles to adapt to modern business trends and maintain relevance in the rapidly evolving market. Overall, employees feel underval"
108,Other,115,78,12,25,"Employees generally appreciate the engaging environment, excellent benefits, and positive workplace culture at various companies listed. However, concerns include traffic, especially in Silicon Valley, where commutes can be lengthy and challenging. Some find the pace of work intense, while others prefer slower-paced environments. Additionally, remote work options are limited, particularly for certain roles. Despite these drawbacks, most employees express satisfaction with their jobs and feel valued by the organizations. Feedback suggests that while some aspects of the work life are demanding, the overall experience is highly rewarding. Companies vary significantly in terms of amenities, such as food options, gym memberships","Employees generally appreciate the engaging environment, supportive culture, and various benefits offered by companies such as Facebook, Amazon, Apple, Google, and Microsoft. However, concerns include traffic congestion, particularly in Silicon Valley and London, which can hinder productivity and quality of life. Some find the pace of work demanding, especially in tech-heavy industries where long hours and frequent overtime are common. Commuting can be challenging, particularly for remote workers, while others express satisfaction with their colleagues' professionalism and friendliness. Despite these challenges, most employees view the companies positively, highlighting the importance of strong interpersonal relationships and clear communication within","Employees generally appreciate the structured environment and support systems provided by their roles within Amazon. However, they also express concerns about the high level of bureaucracy, particularly in the business administration department, which can feel stifling. The physical demands of the job, including long commutes and physically demanding tasks, are noted as significant challenges. Some employees value the variety of positions available, such as catalog associates who enjoy flexible schedules and positive working relationships. Conversely, others find the business administrator position to be overly bureaucratic and challenging due to commuting difficulties. There is a general sentiment that while Amazon offers competitive compensation and benefits, the","Employees consistently express dissatisfaction with various aspects of their workplace experiences, including harassment, lack of flexibility, poor food quality, long commutes, and limited opportunities for growth. Some highlight positive elements such as friendly environments and supportive colleagues, while others criticize the company culture, commuting difficulties, and perceived favoritism within management. Overall, the negative feedback outweighs the positive, indicating a need for improvement in areas such as work-life balance, benefits, and communication between management and employees. The frequent mentions of specific complaints suggest these issues may be systemic problems rather than isolated incidents. To address this, the company should"
109,Compensation,450,278,83,89,"Employees at Amazon often appreciate their compensation packages, which offer competitive wages compared to local standards. However, they frequently report feelings of low morale, lack of recognition, and perceived unfair treatment. Despite these challenges, many acknowledge opportunities for career growth and a supportive work environment. The workload is described as overwhelming and the pace relentless, with some highlighting the need for stronger interpersonal skills and networking within the company. Others criticize the rigid structure and micromanagement practices. Overall, there is significant variation in how employees perceive the balance between financial rewards and workplace demands, leading to mixed opinions about the effectiveness of Amazon's compensation strategy. While some see high salaries as a source of financial stability, others emphasize the importance of ethical considerations and fair treatment in the workplace.","Employee satisfaction varies widely across Amazon's various departments and roles. Positive reviews highlight the company's strong culture, supportive training programs, and competitive compensation packages. However, concerns include low pay relative to market rates, long hours, and perceived lack of recognition for contributions. Some employees appreciate the opportunity for career advancement, while others find the work demanding and stressful. Mixed views exist regarding the effectiveness of performance metrics and the fairness of pay structures. Overall, Amazon offers a diverse range of experiences within the tech industry, catering to both entry-level positions and advanced careers. The company's reputation for innovation and technological prowess continues","Employees generally view compensation positively, with Microsoft offering ""reasonably well-paying"" salaries. However, dissatisfaction arises from perceived lack of mentorship and support during initial stages. Long-term employees report feeling undervalued, despite receiving ""reasonable"" pay. Some highlight positive aspects such as flexibility, benefits, and opportunities for growth within specific departments. Others criticize the culture for favoring efficiency over individual development and overlooking less productive roles. Mixed reviews indicate both strong points and significant areas for improvement regarding career progression and overall satisfaction. Overall, the sentiment leans towards neutrality, acknowledging both advantages and drawbacks without making definitive judgments.","Employees consistently express dissatisfaction with compensation, particularly regarding pay parity between roles and industries. Negative reviews highlight issues such as favoritism, lack of recognition, inadequate benefits, and unfair treatment due to personal circumstances. Some employees suggest that the company values profit over human resources, leading to poor working conditions and limited growth opportunities. While others appreciate certain aspects like safety measures and basic amenities, these positives are overshadowed by significant drawbacks. Feedback indicates a disconnect between perceived value and actual compensation, contributing to high turnover rates and morale issues. The recurring theme among employees is a sense of injustice and exploitation, despite occasional positive"
110,Other,105,60,18,27,"Employees consistently praise the positive aspects of their workplace, highlighting factors such as the supportive environment, diverse projects, and excellent collaboration among colleagues. However, they also express frustration with the demanding nature of on-call responsibilities, particularly due to the unpredictable workload and lack of adequate breaks. Additionally, some employees note the high turnover rates and the challenging work-life balance, while others appreciate the vast array of technological resources and professional growth opportunities offered by the organization. Overall, the sentiment leans towards satisfaction with the overall atmosphere but highlights areas needing improvement in terms of work-life balance and on-call duties. The reviews suggest that despite","Employees generally appreciate the structured testing environment at HWTE, finding it both stimulating and challenging. They highlight the supportive international workforce and diverse project offerings, though acknowledge occasional burnout due to constant workload demands. Positive views include the engaging atmosphere at Best Place I've Worked At, where they enjoy tackling complex problems and using AWS technologies. However, there are criticisms regarding the demanding nature of on-call duties, particularly at Best Five Years of Employment Ever, where staff often face extended periods without breaks. Other notable points include the excellent collaboration among peers at Best Place to Work, the vast array of technological resources at","Employees generally appreciate the company's dynamic nature and cutting-edge technology, which keep them engaged and challenged. However, they face significant challenges due to heavy workload, long hours, and constant communication demands. Many find the on-call system stressful and disruptive, especially during peak periods. While the company offers flexible working arrangements and opportunities for learning, these benefits are often overshadowed by the demanding nature of the job. Burnout is a common issue, particularly among those who handle customer support roles. Despite the positives, the overall sentiment leans towards dissatisfaction given the intensity and unpredictability of the work environment. Recurring","Employees consistently express dissatisfaction with various aspects of their roles, particularly regarding customer service, project management, and on-call responsibilities. Negative reviews highlight issues such as outdated technology, lack of career growth opportunities, high levels of mandatory overtime, and poor work-life balance. Some employees appreciate specific aspects like remote work options and access to advanced technologies, while others criticize the company culture, communication practices, and leadership. Overall, the sentiment is predominantly negative, with concerns ranging from job satisfaction to professional development and workplace conditions. The majority of feedback points to systemic problems within the organization rather than isolated incidents. While some employees acknowledge"
111,Leadership,56,52,3,1,"Employees consistently praise the company culture, job satisfaction, and overall experience across various departments like retail, IT, and Apple. They highlight the positive aspects of being part of a large corporation, mentioning the quality of people, leadership, and opportunities for growth. However, some express occasional challenges related to workload, communication, and performance expectations. Overall, the sentiment is overwhelmingly positive, with few negative comments. The majority of feedback suggests that the company offers a great place to work despite minor inconveniences. Key points include: 1. **Positive Culture**: Employees appreciate the supportive environment, strong relationships with colleagues,","Employees consistently praise the positive aspects of their workplace environment, highlighting the quality of the people and the overall atmosphere as the standout features. They appreciate the supportive nature of the team and the excellent opportunities provided within the organization. While some minor concerns are mentioned, they do not outweigh the overwhelming positivity expressed. The feedback indicates a highly favorable reception towards the company culture and job satisfaction among employees. Recurring Feedback: 1. Quality People 2. Positive Atmosphere 3. Supportive Team Environment 4. Excellent Opportunities Mixed Opinions: Some employees express occasional dissatisfaction regarding specific tasks or challenges",,
112,Other,571,491,48,32,"Employees at both Apple and Microsoft report mixed sentiments towards their companies. At Apple, they appreciate the supportive culture, highlighting work-life balance, mentorship, and collaborative environments. Concerns exist over excessive workload during crunch periods and the absence of clear career progression paths. On the other hand, Microsoft faces significant criticisms due to a lack of employee empowerment, transparency, and fair compensation. Some praise technical skills and camaraderie but many express frustration with intense politics, poor work-life balance, and inadequate support for non-technical roles. Both companies acknowledge the importance of innovation and cutting-edge technologies but struggle to maintain a healthy work-life balance and foster a dynamic and inclusive environment. The overall sentiment leans positive at Apple, with appreciation for the company's commitment to innovation and competitive compensation packages. In contrast, Microsoft","Employees consistently praise Apple's commitment to innovation, its supportive culture, and its emphasis on work-life balance. However, they express frustration with the company's heavy workload, particularly during peak periods, and note occasional burnout due to unrealistic expectations. Despite these challenges, many believe the company fosters a unique environment conducive to personal and professional growth. Recurring themes include admiration for the company's technical prowess, appreciation for mentorship from experienced engineers, and satisfaction with the company's approach to talent acquisition and retention. While some highlight the importance of collaboration and communication, others criticize the rigid hierarchical structure and perceived lack","Employees generally appreciate the supportive and motivating culture, particularly the focus on solving complex problems and fostering personal development through hands-on experiences. However, there are significant challenges related to internal mobility within departments, which often leads to frustration and difficulty in advancing professionally. Additionally, the workload can be overwhelming, especially given the intense pressure to deliver results quickly while maintaining a healthy work-life balance. Despite these drawbacks, the company offers competitive salaries and benefits, cutting-edge technologies, and ample opportunities for learning and professional growth. While the company values its technical expertise, it places a heavy emphasis on efficiency and speed, sometimes leading to","Employees generally praise Google's benefits and perks, particularly for engineers. However, they express significant dissatisfaction with non-engineer colleagues' treatment and lack of recognition. Many complain about slow promotions, long processes, and a lack of innovation. Negative reviews highlight issues such as micromanagement, low morale, and a focus on efficiency over creativity. Despite positive aspects, the majority of feedback points to systemic problems affecting various departments, including non-engineers, which detract from overall satisfaction. Overall, employees perceive Google as a great place for engineers but struggle with inclusivity and fairness across all teams. The summary highlights"
113,Workplace Culture,121,105,11,5,"Employees consistently praise the company's inclusive culture, excellent benefits, and positive workplace atmosphere. However, concerns arise regarding strict clock-in policies, lack of flexibility, and perceived favoritism among leaders. Additionally, some express frustration with the rapid pace of work, resulting in burnout and limited opportunities for rest and reflection. While the company continues to evolve, recent improvements in work-life balance and benefits are noted, particularly in areas like mental health support and flexible schedules. Overall, the company maintains a strong reputation for attracting top talent and providing competitive compensation, despite ongoing challenges related to cultural evolution and leadership practices","Employees appreciate the diverse company culture, excellent benefits, and positive workplace environment. However, concerns arise regarding strict clock-in times, lack of flexibility, high-pressure work environments, limited career advancement opportunities, and perceived favoritism among leaders. Despite improvements, some employees express frustration with the current work-life balance and frequent turnover. Overall, the company offers competitive benefits and a supportive culture, but challenges remain in fostering a balanced and inclusive work environment. Recurring Feedback: - Stricter clock-in times and inflexible schedules - Limited career progression opportunities - High-pressure work environments - Lack","Employees generally appreciate the inclusive workplace culture and robust benefits package, particularly those related to race, sex, sexual orientation, and personality. However, they express concerns about limited career growth opportunities, lack of learning and development resources, and variable product groups with inconsistent standards across different departments. Additionally, some employees highlight negative aspects such as average compensation, poor management practices, and declining value of benefits due to changes in tax laws and foreign hiring restrictions. Overall, while many see positive elements, the majority of feedback points towards areas needing improvement. Recurring Feedback: Limited Career Growth Opportunities, Lack of Learning Resources,","Employees express dissatisfaction with the company's work culture, which they perceive as self-destructive despite efforts to improve it. They note a lack of collaboration among talented individuals, poor product quality due to inadequate learning from mistakes, and a focus on short-term financial gains rather than long-term development. Some employees suggest that the company culture can be challenging to navigate outside the organization, potentially leading to stagnation when direction is unclear. Overall, while the compensation package is described positively, the work environment is criticized for promoting burnout through relentless performance metrics and a narrow focus on revenue generation. These negative perceptions stem from a"
114,Other,111,107,2,2,"Employees generally appreciate Google's innovative culture, supportive staff, and unique perks such as free food and unlimited coffee. However, they often express frustration with long hours, customer interactions, and occasional workplace drama. Some find the company's lack of innovation stifling creativity, while others enjoy the relaxed atmosphere and diverse opportunities. Overall, the positive aspects outweigh the negatives, making Google a highly regarded employer despite occasional challenges. Recurring Feedback: - Positive: Innovation, support, perks (free food, coffee), relaxed atmosphere, diversity, opportunities. - Negative: Long hours, customer interactions, workplace drama,","Employees generally appreciate Google's innovative culture and positive atmosphere, particularly noting the friendly and supportive nature of the workplace. However, some express frustration with the high-pressure environment and lack of innovation within the company. Additionally, concerns arise regarding customer service quality and physical location convenience. Overall, the sentiment leans towards positive experiences despite occasional challenges. Recurring Feedback: - Positive: Friendly, supportive, innovative culture, engaging team, great learning opportunities. - Negative: High-pressure environment, lack of innovation, inconsistent customer service, inconvenient location. Mixed Opinions: - Some enjoy the relaxed pace and personal",,
115,Workplace Culture,701,624,37,40,"Employees at Amazon express mixed sentiments about their workplace culture. On one hand, they praise the company's innovative culture, supportive environment, and commitment to employee welfare. Many appreciate the company's ability to foster creativity and innovation. However, there is concern over rigid hierarchies, lack of transparency, and difficulty advancing within the organization. Despite these issues, the majority of employees still feel positively about the company's efforts to improve continuously through learning opportunities. The overall tone leans slightly negative due to perceived inefficiencies and a sense of stagnation. While satisfied with the company's brand reputation and international presence, some employees express dissatisfaction with management practices, specifically the emphasis on maintaining existing systems rather than improving them, leading to potential stagnation. In conclusion, despite occasional criticisms, employees generally view Amazon's workplace culture","Employees generally appreciate the dynamic, collaborative, and innovative workplace culture at these organizations. However, some express frustration with rigid hierarchical structures, lack of autonomy, and perceived micromanagement. Additionally, concerns arise regarding inconsistent feedback practices, particularly fear-based approaches that discourage open dialogue. Despite these challenges, the majority find the work environment stimulating, supportive, and conducive to personal and professional growth. Feedback highlights the importance of clear communication, recognition, and continuous learning opportunities. While some prefer smaller, more intimate environments, others thrive in larger, global settings known for innovation and inclusivity. Overall, the consensus suggests that","Employees generally appreciate the supportive workplace culture, emphasizing safety, care, and open communication. However, concerns arise regarding limited career advancement opportunities, particularly for younger hires. Training processes were challenging due to rapid hiring changes, leading to inconsistent skill levels among team members. Customer-centricity is valued, yet there is criticism of excessive focus on customer feedback forms, potentially neglecting other aspects of the role. Compensation for recent hires is seen as inadequate relative to competitive markets. Concerns persist about the overall direction of the company, with some noting a decline from previous years. Feedback highlights both positive attributes such as creativity,","Employees consistently express dissatisfaction with workplace culture, particularly regarding training, promotion opportunities, and management practices. Negative reviews highlight issues such as inadequate hands-on training, lack of respect for knowledge and expertise, and unfair treatment of employees. Some praise the positive aspects like camaraderie and physical challenges, while others criticize the toxic work environment, favoritism, and lack of growth opportunities. Feedback suggests a disconnect between expectations and reality, with employees feeling undervalued and underutilized despite having valuable skills. The overall tone is one of frustration and disillusionment with the current state of the organization. Recurring"
116,Career Growth,592,567,11,14,"Employees at Apple generally appreciate its innovative culture, product development, and commitment to customer satisfaction. They value the diverse range of roles and projects available, which enhances engagement and satisfaction. However, they face challenges related to slower career advancement, increased bureaucratic procedures, and perceived lack of genuine interest in employee development. These issues contribute to feelings of burnout and frustration. Remote work provides flexibility but can limit creativity and initiative. Centralized management and decision-making processes inhibit innovation. Despite these drawbacks, the majority of employees remain satisfied with Apple's overall environment and products. Improvements in communication and support for professional growth are suggested to address these concerns. The recurring theme is that while there are positives, the current state does not fully meet employees' needs for meaningful career progression and personalized development opportunities. To enhance employee experience","Employees generally appreciate the positive aspects of their workplaces, such as excellent benefits, smart colleagues, and opportunities for career growth. However, concerns include slower development processes, longer lead times, and a lack of clear communication regarding expectations and roles. Some employees express frustration with the company's size and bureaucracy, leading to feelings of disconnection and apathy among staff. Despite these challenges, many employees view their workplaces positively, citing the importance of innovation, collaboration, and the chance to make meaningful contributions to society. Overall, the sentiment leans towards appreciation for the current state of the companies despite ongoing improvements needed.","Employees generally appreciate the vibrant, dynamic, and collaborative nature of Amazon's workplace culture, highlighting the encouragement from leadership to perform well and collaborate effectively. However, there are concerns regarding the lack of innovation and frequent changes in projects, which may lead to confusion among team members. Additionally, the high-pressure environment and constant need to impress others can sometimes result in inflated claims of contributions. Despite these challenges, the vast talent pool and diverse range of projects offer significant opportunities for personal growth and professional development. While compensation is seen as fair, it falls short compared to other tech giants like Apple and Google. The overall","Employee feedback indicates a complex mix of positive and negative sentiments regarding career growth within the organization. While many praise the company's focus on customer satisfaction and innovation, concerns arise over work-life balance, lack of professional development opportunities, and perceived pressure to conform to corporate values. Negative reviews highlight issues such as unrealistic expectations, inflexible project timelines, and a culture that undervalues individual contributions. Additionally, there are criticisms of leadership styles, particularly those described as overly hierarchical and lacking in emotional intelligence. Overall, while the company is seen as highly innovative and successful, its ability to support personal growth and provide meaningful"
117,Career Growth,60,29,23,8,"Employees generally appreciate the positive aspects of Amazon's work culture, including friendliness, flexibility, and the availability of resources such as leave systems and training programs. However, they express dissatisfaction with slower career progression, particularly regarding annual appraisals and the pace of promotions within the Operations department. Additionally, some employees highlight the monotony of routine tasks, especially those involving cataloging, which they find tedious after just one year. They also note that the Indian work culture influences the overall work environment negatively. Despite these challenges, many employees view Amazon as a great place to start a career due to its supportive culture","Employees generally appreciate the positive aspects of Amazon's work culture, including independence, friendliness, and support from colleagues. However, they express dissatisfaction with slower career progression and lackluster performance evaluations. Some highlight the importance of finding balance between work and personal life, while others note the need for more significant opportunities for advancement within the organization. Mixed opinions exist regarding compensation, with some praising the company's commitment to training and development, while others feel underpaid compared to similar roles. Overall, employees view Amazon as a supportive yet challenging environment where continuous learning and adaptation are crucial for success. Recurring Feedback","Employees generally appreciate the positive aspects of the catalog associate role, such as clear job responsibilities, exposure to online retail sales pipelines, and the ability to gain experience in online retail back-end processes. However, some concerns include limited scope for resolution, lack of flexibility in workload, and perceived micromanagement. Additionally, there are mixed views regarding the effectiveness of managerial support and the overall compensation package, particularly concerning salaries and benefits relative to industry standards. Feedback suggests that while the company has a good reputation and provides a supportive work environment, there are areas where improvements could be made, including better communication between managers and","Employees generally appreciate the flexibility offered by Amazon's catalog positions, particularly those as Catalog Managers and Catalog Associates. However, they express dissatisfaction with associate perks, poor salaries, and perceived lack of career advancement opportunities. Forced attrition practices are criticized, while some highlight positive aspects like a laid-back work environment and the ability to start a career elsewhere. Others note limited visibility into performance metrics and excessive workplace politics. Some catalog associates feel their roles are underutilized, lacking clear direction, and overly focused on cost-cutting measures. Catalog consultants criticize the company's adherence to its own reputation, feeling it doesn't"
118,Career Growth,523,461,44,18,"Employees at Microsoft predominantly view the company favorably due to its reputation as a leading technology firm. However, they express significant dissatisfaction with several key areas: the competitive ranking system, perceived cutthroat culture, and limited upward mobility. Concerns include issues like the organizational structure and communication processes, which detract from career advancement opportunities. There's also criticism of the company's commitment to innovation and diversity initiatives, pointing out discrepancies based on demographics. The overall sentiment reflects a mix of admiration for the company's global presence and technological capabilities, alongside criticisms of work-life balance, political maneuvering, and systemic biases. This mixed sentiment underscores the need for improvements in communication and recognition mechanisms to address these diverse concerns.","Employee reviews indicate a mix of positive and negative sentiments towards Microsoft, Google, and Amazon regarding career growth prospects. Positive aspects include opportunities for career advancement, innovative technologies, and supportive cultures. Negative points highlight issues with internal competition, lack of transparency, and rigid performance metrics. Overall, while many view these companies favorably due to their technological prowess and global reach, concerns over workplace dynamics and fairness persist among employees. These experiences suggest a nuanced landscape where both excitement and frustration coexist, reflecting varied perceptions of organizational health and growth potential. Recurring Feedback: - Career progression challenges and perceived unfairness","Employees generally appreciate Microsoft's strong emphasis on innovation, technological advancement, and career growth opportunities. However, concerns persist regarding ethical practices, gender inequality, and perceived favoritism towards certain individuals. Despite these challenges, the company offers substantial rewards, including competitive salaries and comprehensive benefits. Opportunities vary widely across departments and roles, with some positions requiring extensive networking and others providing clear career progression paths. While the company excels in fostering a collaborative and inclusive workplace culture, there are ongoing debates about its commitment to ethical standards and its treatment of underrepresented groups. Overall, Microsoft remains a dynamic and influential force in the","Employees express dissatisfaction with Google due to perceived lack of innovation, slower product cycles, and increased emphasis on politics and bureaucracy. Concerns include lower salaries relative to competitors, limited career growth opportunities, and strained work-life balance. Microsoft faces criticism for declining relevance, increasing politics, and stifling innovation. Both companies face challenges related to organizational complexity, decision-making processes, and cultural shifts. Overall, employees perceive a decline in the quality of work environments and opportunities for personal and professional development. Recurring Feedback: - Lack of Innovation - Slower Product Cycles - Increased Emphasis on"
119,Work-Life Balance,715,583,61,71,"Employees at both Apple and Amazon report mixed views on their workplaces. Apple is praised for its supportive environment and technological advancements, yet faces challenges due to scheduling conflicts and high workload demands. Amazon receives acclaim for its supportive culture and training programs, though it struggles with logistics issues like unpredictable scheduling and long hours. Both companies provide unique benefits, but criticism centers around issues like excessive weekend work, lack of recognition, and unfair treatment. Employees often mention favoritism, limited support, and unfair treatment across departments, leading to a stressful work environment characterized by long hours, frequent reassignments, and unrealistic goals. Despite occasional positive remarks about leadership and camaraderie, overall sentiment remains largely negative, highlighting significant drawbacks such as low morale, infrequent promotions, and an imbalance between work and personal life. These experiences","Employees generally view Apple as a positive workplace, praising its supportive environment, technological advancements, and networking opportunities. However, they express concerns about the demanding work schedule, particularly on weekends, and occasional instances of favoritism among managers. Despite these challenges, many employees highly value the company's commitment to employee welfare and continuous professional development. While some find the retail environment physically demanding, others appreciate the flexibility offered by remote work arrangements. The overall sentiment leans positive, highlighting the company's dedication to fostering a collaborative and innovative work culture. However, the frequent turnover rate and perceived lack of clear career progression paths may","Employees generally appreciate the organization's professional environment and flexible scheduling, particularly for temporary positions. However, they frequently express frustration with excessive workload, lack of autonomy, and poor work-life balance. Many describe feeling pressured to meet unrealistic targets, leading to burnout and dissatisfaction. Despite positive aspects such as clear roles and occasional recognition, the culture emphasizes efficiency over human interaction, resulting in isolation and limited downtime. While some jobs offer perks like health benefits and discounted services, others face challenges like physical strain and inadequate rest periods. Overall, the workplace is seen as both rewarding and demanding, with varying degrees of success based","Employees consistently express dissatisfaction with favoritism, limited support, long hours, and unfair treatment. Many describe a toxic work culture characterized by constant criticism, low morale, and frequent changes in leadership. Benefits fluctuate unpredictably, and promotions are rare. Work-life balance is severely lacking, with employees often working excessive hours without adequate rest. Customers are frequently abusive, leading to high stress levels. The company culture prioritizes productivity over human interaction, resulting in a highly competitive and unfriendly work environment. While some praise the initial positive aspects, overall sentiment remains negative, with few reported positives outweighing the negatives"
120,Career Growth,100,89,10,1,"Employees generally appreciate the positive aspects of working at Apple, including a supportive work environment, excellent support from colleagues, and opportunities for personal and professional growth. However, concerns include the demanding nature of the job, lack of career advancement opportunities, and challenges related to workload and burnout. Many find the company's rapid expansion and constant change difficult to manage. While some praise the company's commitment to employee welfare, others express frustration with the pace of change and the difficulty of adapting to new technologies. Despite these challenges, most employees view Apple as a rewarding workplace overall, especially those who thrive in a fast-paced","Employees generally appreciate the positive aspects of the workplace, including a supportive culture, excellent support from colleagues, and opportunities for personal and professional growth. However, concerns include the need for better training and education, the potential for burnout due to constant workload, and the perception of outdated technology and tools. Many feel overwhelmed by the fast-paced nature of the industry and struggle to find direction in their roles. While some believe the company offers ample opportunities for advancement, others express difficulty in climbing the corporate ladder without close relationships with upper management. Despite these challenges, most employees view the company favorably overall, praising its","Employees at this organization value opportunities for career growth and development, particularly within technical roles like Software Development Engineer (SDE). They appreciate the chance to learn from experienced colleagues and contribute to impactful projects. However, some employees feel overwhelmed by the sheer volume of tasks and responsibilities, leading to feelings of being ""lost"" amidst numerous employees. The pace of change and lack of structured decision-making processes also pose challenges. Despite these drawbacks, the company culture encourages continuous learning and personal growth, making it a desirable environment for those seeking advancement. Overall, the positive aspects outweigh the negatives, creating a dynamic yet sometimes chaotic",
121,Work-Life Balance,688,506,122,60,"Employees at Amazon report a mixed view on work-life balance, praising the company's intelligence and efficiency but expressing concerns about rapid changes, intense competition, and inconsistent work-life balance. The sentiment leans towards mixed views, highlighting both the advantages (e.g., fast-paced nature, opportunities for growth) and drawbacks (e.g., unclear expectations, frequent reorganization, difficulty maintaining a consistent work-life balance). Key recurring themes include frustration with the fast-paced, complex nature of work due to legacy code, normalization requirements, and high-performance standards; the pressure to succeed, especially through visible work and quick results, leading to burnout; and criticism of the company culture for its fairness and inclusiveness, noting inadequate facilities and disconnect from work-life balance. These factors contribute to an overall sense of being overworked without","Employees generally appreciate Amazon's fast-paced, innovative, and intellectually stimulating work environment, particularly its ability to foster personal and professional growth through challenging tasks and opportunities for innovation. However, concerns include intense workload, frequent changes in team dynamics, and varying degrees of work-life balance among departments. Despite these challenges, many view the company as a rewarding place to work, emphasizing the importance of adaptability, creativity, and continuous learning. While some express frustration with the demanding nature of the job, others highlight the unique opportunities for advancement and the potential for significant career growth. Overall, the positive sentiment outweighs the negatives","Employees generally appreciate Amazon's fast-paced, innovative culture, particularly its ability to provide challenging work experiences and opportunities for growth. However, they frequently express frustration with the demanding work requirements, lack of recognition, and difficulty achieving a healthy work-life balance. Many feel overwhelmed by the constant pressure to perform and innovate, leading to feelings of isolation and burnout. Despite the company's reputation for innovation, employees often cite a disconnect between leadership expectations and actual outcomes, resulting in a sense of disillusionment. The remote work environment adds another layer of complexity, making it challenging to separate personal and professional responsibilities effectively. While","Employees generally appreciate the company's size and scope, particularly its ability to handle complex technological challenges. However, they frequently express frustration with bureaucracy, lack of trust in engineers, excessive paperwork, and micromanagement. Many feel overwhelmed by the fast-paced nature of the work, leading to burnout and poor work-life balance. Additionally, there are concerns about fairness within the company, including potential biases and unequal treatment among departments. Some praise the quality of the products and services, while others criticize the company culture for being overly hierarchical and focused on metrics rather than genuine innovation. Overall, the sentiment leans towards dissatisfaction"
122,Work-Life Balance,285,250,21,14,"Employee reviews indicate positive aspects of work-life balance, including overtime availability, training programs, and a supportive company culture. However, significant concerns include inconsistent schedules, lack of communication regarding guaranteed hours, and long working hours without adequate breaks. Some employees appreciate the fast-paced environment and learning opportunities, while others express frustration with the demanding nature of the job and limited flexibility. Mixed opinions exist regarding compensation, benefits, and overall satisfaction levels across different departments and locations. The majority of reviews highlight both pros and cons, suggesting a complex picture of employee experiences. While some praise the company's commitment to employee growth and development","Employees generally appreciate the positive aspects of their workplace environments, including robust benefits packages, fast-paced growth opportunities, and supportive cultures. However, several recurring themes highlight challenges related to work-life balance, particularly concerning inconsistent schedules, excessive overtime, and limited vacation time. Additionally, concerns persist regarding the quality of training programs and the efficiency of communication across departments. Despite these drawbacks, employees consistently express high satisfaction due to the company’s commitment to employee well-being and professional development. While some jobs offer significant autonomy and innovation, others face demanding schedules and lack of clear direction. In conclusion, the overall sentiment leans towards appreciation","Employees generally appreciate the flexibility offered by remote work options and the ability to choose their own schedules. However, some find the lack of structured routines challenging, particularly during busy periods. There is significant variability in how different locations handle scheduling and workload distribution, which can lead to frustration among employees who feel undervalued or unfairly treated. Additionally, while many see the company culture as supportive and collaborative, there are concerns about the high demand for overtime and the potential for burnout due to extended work hours. Overall, the balance between work-life integration and productivity varies widely across different departments and regions, creating a complex","Employees generally appreciate the positive aspects such as flexibility, exposure to global teams, and supportive environments. However, they express significant dissatisfaction regarding lack of guidance, compensation mismatch, and poor management skills. Many feel undervalued, leading to low morale and frequent turnover. The workload is often perceived as excessive, especially given the long hours required, which detracts from personal fulfillment and work-life balance. Feedback highlights the need for clearer career paths, improved communication between managers and employees, and fairer distribution of responsibilities across different roles within the organization. Overall, while some see the company as having potential, most"
123,Compensation,77,63,4,10,"Employees at both Google and Apple appreciate their respective companies' compensation packages, highlighting factors like salary, benefits, and perks. However, they face significant challenges related to cost of living, commute times, and work-life balance. At Google, this includes long commutes and high housing prices, while at Apple, it involves a high cost of living, traffic congestion, and housing affordability issues. Despite these drawbacks, employees at both companies maintain loyalty due to their strong reputations and opportunities for growth. The sentiment is predominantly positive but leans slightly negative on cost of living and work-life balance concerns. Both companies offer generous benefits packages and remote work options, which are valued by employees. While there are notable differences between the two companies in terms of location and specific challenges faced, the core appreciation for compensation remains consistent","Employees generally appreciate Google's compensation, particularly the salary, benefits, and opportunities for learning and development. They praise the company's innovative spirit and collaborative culture, noting the importance of aligning oneself with the right teams. However, concerns include long commutes, political dynamics within the organization, and the high cost of living in the Bay Area, which can limit personal freedom and quality of life. Some employees express dissatisfaction with the lack of diversity among senior leadership positions, feeling underrepresented despite the company's reputation for attracting talented individuals. Additionally, there are mixed views on the overall work-life balance, with some",,"Employees express dissatisfaction with compensation, especially regarding pricing increases and cafe food costs. They criticize the work environment as lacking structure and being overly dependent on group dynamics. Some highlight positive aspects such as learning opportunities and camaraderie among colleagues. However, concerns include low salaries, lack of career progression, and negative attitudes within management. Many feel the location negatively impacts their ability to balance work and personal life due to high costs and limited options for affordable housing. Additionally, employees discuss challenges related to communication barriers, commuting difficulties, and the overall competitive nature of the job market. Overall, while some appreciate certain benefits,"
124,Career Growth,480,431,34,15,"Employees from various companies express mixed sentiments on career growth prospects. Positive attributes include strong company cultures, diverse opportunities, and generous benefits. Concerns often revolve around inconsistency in leadership, lack of transparency, and slow career advancement. In contrast, other companies offer supportive work environments, clear career paths, and robust benefits but face issues such as long working hours, intense competition, and perceived favoritism. Despite these differences, all companies acknowledge the importance of collaboration, diversity, and innovation in fostering professional development. The varying landscapes highlight the need for tailored strategies to address unique challenges and capitalize on shared strengths. To support career growth, organizations should focus on creating inclusive environments that balance flexibility with accountability, ensuring fair promotion processes, and recognizing individual achievements. Addressing systemic biases and promoting equal opportunities can also enhance","Employees generally appreciate the company's strong emphasis on employee satisfaction and growth, including flexible work arrangements, extensive benefits, and opportunities for both personal and professional development. However, there are notable challenges, particularly regarding inconsistent management practices, lack of clear career progression paths, and occasional conflicts among colleagues. Despite these drawbacks, the majority view the company as highly supportive and beneficial for career advancement and personal fulfillment. The company culture is often praised for fostering innovation and creativity, though some employees express frustration with the demanding nature of the work environment. Overall, the sentiment leans towards a positive outlook despite occasional criticisms. Recurring","Employees express dissatisfaction with career progression opportunities, particularly regarding advancement beyond part-time positions. Many feel that Amazon values external hires and outsourcing over internal talent development. Concerns include lack of clear career paths, difficulty advancing without significant changes in company strategy, and perceived favoritism towards certain departments or individuals. Additionally, employees highlight challenges related to work-life balance, frequent organizational restructuring, and limited opportunities for lateral movement within the company. Some praise specific aspects such as benefits, networking opportunities, and professional development, while others criticize the company culture, remote work arrangements, and the emphasis on efficiency over creativity. Overall,","Employees generally appreciate the positive aspects of working at Apple, including its philanthropic nature, flexibility, and strong benefits package. However, they express significant concerns regarding career progression, lack of diversity hiring practices, and perceived micro-management. Many also highlight difficulties in finding meaningful career growth within the organization, despite apparent success stories. Additionally, some note challenges related to internal politics and unclear performance metrics. In contrast, employees at Amazon and Microsoft report lower satisfaction due to perceived lack of career advancement opportunities, higher costs, and potential biases against certain groups. Overall, while many see value in the current workplace culture, employees"
125,Compensation,129,85,19,25,"Employees at Microsoft experience both positive and negative sentiments across various aspects of their workplace environment. They generally appreciate the high quality of benefits, including generous healthcare plans and tuition reimbursement programs. However, they also face significant criticisms, primarily centered around perceived bureaucratic inefficiencies, lack of customer focus, and issues related to work-life balance and upward mobility. Managerial practices, such as favoritism towards friends and family members, contribute to these challenges. Despite the company's reputation for attracting talented individuals and offering competitive salaries and bonuses, employees often feel undervalued and underutilized, especially in mid-level positions. The company's recent attempts to modernize and improve efficiency have been met with mixed results, with fluctuations in employee morale influenced by external factors like market conditions and competition. Overall, while technical skills are","Employees generally appreciate Microsoft's benefits, technology, and talent pool, particularly among younger professionals. However, they express frustration with politics, bureaucracy, and inconsistent management practices. Seniority plays a significant role in career progression, leading to resentment among experienced employees. The company faces challenges in balancing innovation with stability, and recent changes have introduced confusion and inefficiencies. Despite these drawbacks, Microsoft remains a preferred employer for those seeking challenging careers in technology. Employee satisfaction varies widely based on age, tenure, and specific departments. Recurring Feedback: - Political climate and inconsistency in management practices. - Lack of clear","Employees generally appreciate Microsoft's strong compensation package, robust benefits, and extensive technological resources. However, they express frustration with the rigid annual review process, high turnover rates among managers, and a lack of innovation due to bureaucratic structures. Some find the company's focus on maintaining shareholder interests detracts from fostering a dynamic work environment. While positive aspects include a supportive culture and generous benefits, concerns persist regarding work-life balance, promotion opportunities, and the perception that younger talent may struggle to make meaningful contributions. Overall, while Microsoft remains a valued employer, its current structure and practices face criticism from many employees. Re","Employees consistently express dissatisfaction with MSFT's compensation structure, citing low bonuses and stock contributions relative to other tech firms. Many complain about rigid hierarchical structures and favoritism among managers, leading to a toxic work environment characterized by micromanagement and a focus on short-term results rather than long-term development. Despite positive aspects such as robust benefits packages and a diverse workforce, the company faces criticism for its inability to adapt to changing market conditions and maintain innovation. The review system is criticized for being overly punitive towards employees, causing them to leave rather than stay motivated. Overall, while MSFT remains a respected"
126,Career Growth,555,487,50,18,"Employees at both companies value the fast-paced, results-oriented environment, innovation, and opportunities for growth. However, they face significant challenges such as overwhelming demands, lack of support, and a focus on short-term goals rather than long-term stability. The overall sentiment is mixed, with appreciations for the company's achievements and rewards, but criticisms regarding the impact on mental health, work-life balance, and career progression. Both organizations emphasize collaboration, innovation, and personal development, yet differ in terms of leadership style, support structures, and cultural norms. The key takeaway is that while employees generally view the companies positively, there are notable areas where improvements could be made to enhance well-being and career prospects. To address these issues, companies should consider implementing more flexible working arrangements, fostering mentorship programs, and ensuring","Employees appreciate the high-performance culture, collaborative environment, and continuous learning opportunities at Amazon, particularly in roles like Operations and Customer Service. However, concerns include the open-floor layout, lack of structured work environments, and the intensity of the work required. Many find the fast-paced nature motivating yet challenging, leading to burnout. Additionally, some note the lack of clear career progression paths and the importance of negotiation during the initial stages of employment. Despite these challenges, the majority view Amazon as an exceptional workplace, praising its supportive culture, transparent practices, and commitment to employee development. The company offers numerous opportunities for","Employees generally appreciate Apple's innovative culture and challenging work environment, particularly its focus on personal development and rapid professional growth. However, they express frustration with inconsistent management practices, lack of career progression, and frequent organizational changes. Many find the retail experience demanding and stressful, especially due to long shifts and understaffing. Additionally, the company places significant emphasis on competition among employees, leading to strained relationships and a sense of alienation. Despite these challenges, employees value the company's commitment to fostering a positive work culture and providing ample opportunities for personal and professional growth. Overall, the feedback highlights a mix of","Employees generally praise the collaborative and innovative atmosphere at Microsoft, highlighting opportunities for personal and professional growth through exposure to cutting-edge technologies and diverse teams. However, concerns arise regarding the demanding work environment, lack of support for work-life balance, and perceived neglect of middle management and senior leadership. Feedback indicates that while the company offers competitive compensation and benefits, the current management style prioritizes productivity over fostering a supportive work culture. Many employees feel overwhelmed by frequent organizational changes and a lack of clear direction, leading to high turnover rates and difficulty in building lasting relationships within the company. Additionally, some critics express dissatisfaction with favor"
127,Other,81,17,3,61,"Employees at Amazon report overwhelming criticism of their working conditions, highlighting long hours, lack of breaks, unsafe environments, and unfair treatment. Despite decent pay and benefits, many express dissatisfaction with low salaries relative to industry standards. The culture of relentless work without adequate compensation leads to significant frustration and burnout. While acknowledging financial success, there is widespread call for improvement due to concerns about mental and physical health. Key issues include excessive workload (long hours), unrealistic job demands (unrealistic targets), and insufficient rest periods (lack of breaks). These factors contribute to a toxic environment where employees feel exploited and unsupported. The recurring theme emphasizes the need for changes to address these problems before they cause further harm to employee well-being. To improve, companies should consider implementing more flexible schedules, providing better breaks, and","Employees generally express dissatisfaction with their roles, particularly regarding long hours, lack of breaks, unsafe conditions, and unfair treatment by management. Positive aspects include good benefits, occasional social interactions, and fair compensation. However, concerns persist about excessive workload, poor communication, and a perceived lack of respect for workers' personal lives. Some employees appreciate the variety of tasks and positive relationships within the workplace, though these factors often come at the cost of significant physical exertion and isolation. Overall, the environment appears to favor productivity over human dignity, leading to high turnover rates despite adequate financial rewards. Recurring Feedback:",,"Employees consistently express negative experiences at Amazon, citing poor working conditions, lack of benefits, and excessive demands on both physical and mental stamina. Many describe long hours, inadequate breaks, and forced overtime without proper compensation. Some highlight issues with management, such as unrealistic targets and unfair evaluations based solely on automated systems. Overall, the sentiment is overwhelmingly critical, with few positive aspects mentioned. The workplace environment is described as stressful and unhealthy, leading to concerns about employee well-being and potential long-term effects on physical and mental health. While some employees appreciate certain perks like free parking and benefits, these are often overshadowed"
128,Scheduling,194,118,36,40,"Employees generally appreciate the positive aspects of the company, such as the supportive work environment, diverse positions, and strong benefits. However, they frequently express dissatisfaction with the scheduling system, citing inconsistency, inflexibility, and difficulty obtaining necessary hours. Many complain about unpredictable workloads, particularly during peak periods, leading to frustration and burnout. Additionally, concerns arise regarding management practices, including inconsistent scheduling, unclear expectations, and frequent changes in rules and protocols. While some praise the company's dedication to employee welfare, others criticize the lack of work-life balance and the perceived favoritism in promotions. Despite these","Employees generally appreciate the company culture, diverse talent pool, and supportive management. However, scheduling variability, particularly during peak periods, is a significant concern. Part-time employees face unpredictable hours, while full-time associates experience inconsistent schedules and micro-management. Benefits are highly valued, but expectations regarding work-life balance and schedule predictability remain unmet. Overall, the company offers a unique blend of professional growth opportunities and engaging work environments, despite occasional challenges related to staffing and scheduling. Employee satisfaction varies based on individual circumstances, such as tenure and role type. While the majority view the company positively, concerns persist about the","Employees generally appreciate the flexibility and autonomy provided through remote work arrangements, including the ability to choose schedules and receive consistent paychecks. However, there are significant drawbacks such as inflexible schedules, inconsistent protocols, and limited access to paid time off. The perception of inconsistency regarding work expectations across different supervisors adds to frustration. Additionally, some employees feel pressured to meet high sales targets despite being classified as a retail role, leading to grueling work conditions. Overall, while many see value in the remote work setup, the practical challenges and perceived unfairness contribute to dissatisfaction among employees. Recurring Feedback: -","Employees generally appreciate the positive aspects of their workplace, such as friendly co-workers, excellent benefits, and a supportive community. However, there are significant concerns regarding scheduling, inconsistency in workdays, and managerial practices. Many express frustration with unclear communication, lack of consistency in policies, and difficulty in obtaining necessary resources. Additionally, employees frequently report difficulties in finding adequate time off and dealing with unpredictable workloads. While some praise the flexibility offered by the company, others criticize the rigid structure imposed by the management, leading to high turnover rates and dissatisfaction among staff. Despite these challenges, the majority of employees find value"
129,Compensation,637,534,54,49,"Employee reviews indicate a mixed sentiment toward compensation, with both positive and negative views. Generally, employees appreciate the company's commitment to fair treatment, benefits, and professional development. However, they also face frustrations with slow decision-making processes, limited advancement opportunities, and perceived favoritism within certain departments. The perception varies significantly, with some viewing Apple as a highly rewarding workplace despite these issues, whereas others see Microsoft as stagnant and lacking innovation. Despite overall satisfaction with compensation packages, there is ongoing discussion about improving efficiency, transparency, and addressing disparities between different departments. Both companies offer positive aspects like good benefits, a cutting-edge brand, and a supportive culture but also acknowledge areas needing attention, such as career development opportunities and overcoming bureaucratic hurdles. Overall, the data highlights the need for continuous improvement in compensation practices","Employee reviews indicate that while compensation varies widely, many view Apple as a challenging yet rewarding workplace offering exceptional benefits and opportunities for learning and growth. Conversely, some perceive slow progress, micromanagement, and a lack of flexibility, particularly regarding work-life balance and weekend availability. Others highlight the fast-paced nature of technology startups, emphasizing the importance of adaptability and continuous improvement. Despite occasional frustrations, the majority express satisfaction with the company culture, supportive management, and robust benefits packages. However, concerns persist about the company's ability to retain talented individuals and address systemic issues affecting career advancement and work-life integration.","Employees generally appreciate the company's compensation package, including generous benefits and moderate pay. However, concerns arise regarding leadership selection, where experienced professionals are replaced by younger candidates, leading to stagnation and lack of innovation. Hours are long, and work-life balance is challenging. While the company offers flexible schedules and advanced technologies, it struggles with internal bureaucracy and lacks diversity initiatives. Opportunities for career progression are limited, particularly for junior positions. Despite occasional praise for specific departments, overall sentiment leans negative due to perceived stagnation and lack of growth prospects. Employee turnover rates indicate dissatisfaction with current leadership and uncertain future prospects.","Employees generally view Microsoft, Amazon, and Google favorably due to strong compensation packages, benefits, and perks. However, concerns arise regarding transparency in performance assessments, lack of career development opportunities, and excessive pressure to achieve targets. Negative reviews highlight issues such as unclear links between performance and rewards, difficulty standing out in a highly competitive market, and inadequate support for career progression. Some employees express frustration with rigid organizational structures and frequent changes in leadership, which hinder personal growth and innovation. Overall, while compensation is considered adequate, the perception among employees is that the company fails to adequately recognize contributions and provides insufficient opportunities"
130,Leadership,232,147,63,22,"Employees at Amazon consistently praise the company's innovative culture, supportive executive leadership, and dynamic growth potential. They also acknowledge the importance of having skilled managers who foster creativity and empower employees to drive initiatives. However, they express significant frustrations with complex decision-making processes, managerial hierarchies, and limited upward mobility. These challenges have led to feelings of isolation and disconnection from colleagues, despite the company's commitment to continuous learning and innovation. The feedback indicates a need for improvements in leadership skills, better communication channels, and more supportive environments for growth and development. The culture appears to prioritize relationships over results, contributing to a sense of disengagement among employees. To address these issues, it is crucial to enhance leadership training, improve communication mechanisms, and create more inclusive and empowering work environments. This will help","Employees generally praise Amazon's innovative culture, high compensation, and supportive benefits. However, they express frustration with slow decision-making processes, bureaucratic layers, and a lack of upward mobility. Concerns include managerial inconsistency, limited career progression, and a perceived emphasis on short-term gains over long-term strategic planning. Despite these criticisms, many find the company's ability to adapt quickly to market demands and its global presence appealing. Overall, while Amazon offers substantial rewards and a dynamic work environment, it remains challenging for employees seeking meaningful career advancement and a balanced lifestyle. Recurring Feedback: - Slow decision-making and","Employees consistently express frustration with leadership styles, particularly regarding communication, decision-making, and recognition. They highlight a lack of strategic direction, unclear career progression paths, and insufficient support for professional development. While some praise the company’s innovative culture and autonomy, others criticize the rigid hierarchical structures and frequent changes in management practices. Overall, the sentiment leans towards dissatisfaction due to perceived neglect of employee needs and a disconnect between expectations and reality. Recurring Feedback: - **Lack of Strategic Direction**: Employees feel that senior leadership lacks clarity on goals and objectives, leading to confusion and inconsistency in operations. - **","Employees express dissatisfaction with Microsoft's management style, particularly regarding work-life balance, communication, and decision-making processes. They criticize senior management for focusing solely on metrics and ignoring employee development, resulting in a stagnant culture. Some highlight positive aspects such as health benefits and flexibility, while others note poor performance evaluations and ineffective leadership. Overall, the negative sentiment outweighs the few positive comments, indicating a need for improvement in areas like communication and career advancement opportunities. The culture seems to prioritize external factors over internal growth, leading to frustration among employees. While some praise specific departments or initiatives, overall, the tone remains predominantly"
131,Technology,115,79,23,13,"Employees generally appreciate Amazon's innovative approach to cloud computing, particularly AWS, praising its cutting-edge technologies and leadership. However, operational challenges such as lengthy on-call rotations and excessive bureaucracy are cited as drawbacks. Some highlight the importance of personal relationships among coworkers, while others express frustration with the company's hierarchical structure and lack of trust in employees. Despite these concerns, the majority view Amazon as a rewarding workplace due to its dynamic technological landscape and supportive culture. Feedback suggests that while the company excels in certain areas, it faces significant internal conflicts and lacks effective communication channels, leading to potential burnout and turnover","Employees generally appreciate Amazon's innovative approach to cloud computing, particularly AWS, praising its cutting-edge technologies and strong leadership. However, operational challenges such as lengthy task completion times and excessive on-call responsibilities are noted. Benefits are described as average, with occasional suggestions for improvements. Team dynamics vary widely; some praise collaborative environments, while others criticize burnout and lack of flexibility. Overall, the sentiment leans positive, highlighting the company's ability to foster a dynamic and intellectually stimulating work environment despite its complexities. Recurring Feedback: - Longest Task Completion Times - Excessive On-call Responsibilities -","Employees generally express dissatisfaction with Google Cloud's culture, leadership, and overall performance compared to its parent company, Google. Many find the hierarchy, micromanagement, lack of trust, and frequent layoffs concerning. While acknowledging the potential for growth and innovation, concerns about the current state of the product and organizational structure persist. There is a perception that the company struggles to attract and retain talent due to these factors. Additionally, employees note that while Microsoft offers various advantages such as strong enterprise capabilities, scalability, and cloud-first strategies, it faces challenges in engaging younger generations and adapting to emerging trends like AI and cloud","Employees express dissatisfaction with the work environment at various companies, including AWS, Apple, Amazon, Microsoft, and others. They criticize the lack of resources, unrealistic expectations, and unfair treatment among peers. Compensation is described as inadequate, especially after four years, while motivation and communication are deemed poor. Some highlight positive aspects like technological advancements and flexible work locations, though these are overshadowed by negative experiences. Overall, the feedback indicates a decline in quality of life and professional satisfaction across multiple industries. This summary captures the essence of the complaints without adding personal opinions or managerial insights. It focuses on the common"
132,Work-Life Balance,508,345,70,93,"Employee reviews suggest a mixed view on work-life balance, with both positive and negative sentiments present. Companies like Google are praised for their supportive culture, excellent training, and collaborative environment, which contribute positively to job satisfaction. However, issues such as high turnover rates, lack of career advancement opportunities, and perceived favoritism among upper management create dissatisfaction. Despite these challenges, many employees appreciate the innovative nature of the company and its ability to foster creativity within teams. The overall impression is that while there are positive aspects, the balance between work-life satisfaction and professional growth remains somewhat uneven, with varying perceptions across different industries and organizations. The recurring theme highlights the importance of addressing issues related to career progression and fostering a more inclusive workplace culture. To improve work-life balance, it may be beneficial to implement strategies that","Employees generally appreciate the structured nature of their roles and the opportunity for professional development at both Google and Apple. However, they express frustration with inconsistent expectations regarding workload and career progression. At Microsoft, while praised for its flexibility and strong culture, employees note significant challenges in managing client relationships and adapting to rapid technological changes. In contrast, customer service representatives at Amazon value the continuous learning environment and recognition for effort, although they occasionally feel overwhelmed by demanding schedules. Some analysts suggest that the variability in feedback reflects differences in organizational culture and priorities across tech giants. Recurring Feedback: - Consistent Expectations:","Employee feedback indicates a complex mix of positive and negative aspects regarding work-life balance, promotion opportunities, and overall satisfaction. While the company offers competitive compensation and benefits, including discounts and free Wi-Fi, employees report significant pressure due to long hours, lack of managerial support, and inconsistent promotion rates. Many find the company overly bureaucratic and disconnected internally, leading to frustration and difficulty advancing professionally. Additionally, the open office layout exacerbates feelings of isolation among employees who prefer quieter environments. Despite these challenges, employees appreciate the high-quality training provided and the chance to interact with influential figures such as Steve Jobs. However,","Employees generally appreciate the positive aspects of the workplace such as the supportive team environment, flexible hours, and various benefits. However, negative reviews highlight significant challenges including limited growth opportunities, inconsistent work-life balance, and high-pressure environments. Many express frustration with rigid scheduling, frequent changes in leadership, and difficulties in advancing within the organization. Additionally, some criticize the company’s approach to talent acquisition and retention, citing recruitment practices that prioritize external hires over internal candidates. Overall, while the majority view the company positively, the negatives significantly outweigh the positives, leading to a predominantly negative sentiment regarding the work environment and career prospects"
133,Compensation,220,139,44,37,"Employees generally appreciate the competitive compensation packages, particularly high salaries and generous benefits. However, they frequently express dissatisfaction with the lack of recognition for effort, forced ranking systems, and constant pressure from management. Long hours, especially during peak seasons, are common complaints. The forced overtime system disproportionately affects lower-paid employees, leading to burnout and poor mental health outcomes. Additionally, the frequent changes in management and the perception of favoritism among higher-ranking staff create a toxic work environment. Despite these challenges, many employees acknowledge the importance of the company's products and services, highlighting the need for better communication between management and employees. The fast-paced, dynamic work environment offers significant opportunities for growth but also presents challenges related to unrealistic expectations, work-life balance issues, and a toxic work culture. To address these concerns","Employees generally appreciate the fast-paced nature of the work environment, offering ample opportunities for career progression and lateral movement. They also praise the competitive compensation package, which includes stock options and generous benefits. However, they express significant dissatisfaction with the challenging workload, particularly during peak seasons, and the demanding administrative tasks required to meet performance standards. There is criticism of the inconsistent communication from upper management, contributing to a stressful work atmosphere. Although compensation is seen as competitive, employees feel frustrated with unrealistic expectations and lack of flexibility in scheduling. Feedback highlights the importance of having strong managers who can help navigate challenges and provide constructive feedback. Despite these issues, employees generally view their compensation positively, with most praising the variety of work experiences and opportunities for growth within the company. However, there is significant dissatisfaction regarding the lack of attention","Employees consistently express dissatisfaction with Amazon's compensation package, particularly regarding the lack of advancement opportunities, high turnover rates, and inconsistent treatment of employees across different departments. While some appreciate certain aspects like flexible schedules and benefits, overall sentiment leans negative due to perceived favoritism, unclear career paths, and frequent changes in management. The company's reputation for innovation and efficiency is often cited positively, but these qualities are overshadowed by harsh working conditions and a culture that prioritizes short-term gains over long-term stability. Despite high salaries and stock options, employees frequently report feeling undervalued and underutilized, leading","Employees express dissatisfaction with compensation, particularly regarding internal vs. external hires, bonuses, and stock options. Many complain about excessive hours, poor work-life balance, and lack of support for mental health. Negative reviews highlight issues such as micromanagement, unrealistic expectations, and a focus on productivity rather than employee wellbeing. While some praise aspects like benefits and flexibility, overall sentiment remains negative, indicating a disconnect between compensation and actual job satisfaction. The recurring theme is the perception that management prioritizes efficiency over human resources, leading to frustration among employees. These experiences suggest a mismatch between the advertised corporate culture and reality,"
134,Career Growth,674,584,60,30,"Employees generally appreciate Microsoft, Amazon, and Google for their diverse ranges of projects and benefits, as well as their cultures of support and innovation. However, they face challenges such as remote work requiring extra effort, political maneuvering leading to inflexibility, and limited career advancement paths. Concerns about stagnation and arrogance at Google, and inflexibility and lack of career progression issues at Facebook, highlight areas where improvements could be made. Despite these drawbacks, many employees view these environments positively due to their ability to foster creativity and personal growth. The diversity of projects and benefits provided by these companies allows them to offer unique experiences and opportunities for employees, which can contribute to both satisfaction and motivation. However, the perception of a lack of mentorship and focus on short-term goals may hinder long-term career","Employees generally appreciate the variety of career opportunities available at these organizations, particularly at Amazon and Microsoft. However, they highlight significant drawbacks such as high pressure environments, limited upward mobility, and a culture that values competition over collaboration. Despite these challenges, many employees report feeling valued and motivated by the intellectual stimulation provided by their workplaces. The diversity of experiences across different industries suggests that while certain aspects of these cultures may be beneficial, they also present unique risks and potential pitfalls for employees seeking stability and predictability in their professional lives. The recurring themes indicate a complex interplay between the allure of rapid advancement and the reality","Employees generally appreciate the fast-paced, dynamic nature of the work environment, particularly noting its challenge-driven approach and diversity. However, concerns arise regarding the cutthroat competition among peers, the lack of clear career progression, and the perceived arrogance of senior management. Additionally, some express dissatisfaction with the high-pressure culture, including the importance placed on personal relationships over professional development. While others highlight positive aspects such as supportive colleagues, engaging projects, and opportunities for growth, these are often tempered by the stress and pressure felt by employees. The overall sentiment leans towards a balanced view, acknowledging both the benefits and drawbacks of the","Employees generally appreciate Amazon's innovative culture and diverse opportunities for learning and growth. However, they express significant concerns about career progression, particularly regarding the difficulty of climbing the corporate ladder and the frequent reorganization of teams. Additionally, many highlight the high-pressure nature of the workplace, including overwork and a lack of work-life balance. While benefits and training programs are praised, employees note that these resources are often insufficient to address the demands of the job. Overall, the sentiment leans negative, with employees expressing dissatisfaction with the pace of career advancement and the perceived unfair treatment of certain groups within the organization. Despite the"
135,Compensation,121,101,13,7,"Employees generally appreciate Microsoft's strong reputation and diverse range of products, particularly in gaming and virtual reality. However, they often criticize the company's outdated processes, frequent relocations required for advancement, and poor workplace culture. Many note the need for significant improvements in efficiency and communication. While compensation is seen as fair, it lags behind competitors in terms of overall performance and innovation. Employee satisfaction varies widely across departments and roles, with some finding the company supportive and others feeling overwhelmed by high expectations and micromanagement. Despite these challenges, many still view Microsoft favorably due to its innovative technologies and collaborative work","Employees generally appreciate Microsoft's strong reputation and diverse product offerings, particularly in gaming and virtual reality. However, they often criticize the company's bureaucratic processes, frequent managerial turnover, and perceived lack of innovation. Many find the compensation inadequate relative to competitors, especially those in the retail sector. Despite these challenges, employees consistently highlight the company's supportive culture, beneficial benefits packages, and opportunities for personal and professional development. While some express concerns about the pace of change and potential downsides of rapid expansion, overall sentiment remains positive due to the firm's commitment to employee welfare and technological advancements. Recurring Feedback:","Employees generally appreciate the compensation package, particularly the financial benefits such as tuition reimbursement and salary increases. However, there are significant concerns regarding job satisfaction and career progression. Many feel that their ideas are not being considered seriously, leading to frustration and a sense of disengagement from the organization's direction. The workload is described as demanding, especially in terms of training and customer service roles. Opportunities for advancement are limited, and some employees believe they are not valued enough by upper management. Additionally, the perception of unfair treatment, such as being ignored after providing input, has been reported. While some employees find positive","Employees generally appreciate positive aspects such as good benefits, career counseling, and opportunities for growth. However, they express dissatisfaction with certain areas: 1. **Negative Reviews**: - The Consumer Product Advisor finds the work very boring and lacks meaningful tasks after landing in a ""bad"" store due to poor leadership. - The Microsoft Product Advisor feels constrained by limited growth opportunities despite being capable. - The Consumer Services Advisor criticizes the lack of resources and believes the salary is lower than competitors. - The Assistant Store Manager notes a decline in a positive work environment over recent years. - The"
136,Leadership,146,103,28,15,"Employees generally appreciate Amazon's strong support for career development, benefits, and innovation. However, they frequently express dissatisfaction with long hours, lack of work-life balance, and inconsistent leadership. While some find the fast-paced environment motivating, others struggle with burnout due to constant change and demanding expectations. Mixed views exist regarding promotions and opportunities for advancement, with some praising the company's flexibility and others criticizing rigid structures. Overall, Amazon offers a unique blend of professional growth and operational challenges, but these factors often create a complex dynamic for employees balancing dedication with productivity. Recurring Feedback: - Long hours and","Employees generally appreciate Amazon's commitment to career development, benefits, and innovative practices. Positive reviews highlight the company's ability to offer significant growth opportunities and diverse operational experiences. However, concerns include long work hours, particularly in warehouses, and variable leadership styles across sites. Additionally, some employees express dissatisfaction with the company's treatment of managers, including perceived favoritism towards certain groups and a lack of upward mobility. Overall, the positive sentiment outweighs the negatives, indicating a strong alignment between employee expectations and company values. Recurring Feedback: - Career Development Opportunities - Benefits and Compensation - Operational","Employees generally appreciate the exciting nature of working for Amazon, particularly as an Area Manager. However, there are significant drawbacks such as long hours, high stress levels, lack of work-life balance, and limited involvement in staff hiring and terminations. Additionally, some find the constant need for process improvements and ideas difficult to implement effectively. There is also concern over the lack of professional development opportunities for junior managers and the pressure to meet unrealistic performance metrics. Despite these challenges, most employees value the opportunity to build their careers within the organization and enjoy the diverse range of roles available. Overall, while the workplace offers numerous","Employees express dissatisfaction with leadership roles due to perceived unfair treatment, lack of support, and high-pressure environments. Many feel their contributions go unrecognized, leading to resentment towards management. While some praise certain aspects such as benefits and growth opportunities, overall sentiment remains negative, highlighting systemic issues within the organization. Feedback indicates a need for improved communication, fair compensation, and supportive leadership practices. There is also concern about potential exploitation through long hours and cutthroat competition among peers. These experiences suggest a culture where personal well-being may suffer under pressure to meet unrealistic expectations. Recurring themes include: 1. **Unfair"
137,Other,70,63,1,6,"Employees generally appreciate the positive aspects of their workplace environments, such as supportive cultures, excellent customer service, and engaging team dynamics. However, there are also instances where employees express frustration with specific challenges, including inconsistent quality in product offerings, difficult interactions with customers, and occasional unfair treatment from management. Despite these drawbacks, overall satisfaction remains high, with many praising the company’s commitment to fostering innovation, providing ample opportunities for growth, and maintaining a welcoming atmosphere. While some individuals highlight particular areas for improvement, the majority of feedback indicates that the company excels in several critical areas, particularly in terms of employee","Employees generally appreciate the positive aspects of their workplace environments, including supportive cultures, excellent customer service, and engaging team dynamics. However, some express frustration with occasional customer behavior, particularly regarding impatience and rudeness. Despite these challenges, most employees view the companies as highly rewarding places to work, citing strong relationships with colleagues, enjoyable work environments, and generous benefits packages. While some highlight specific areas needing improvement—such as addressing customer dissatisfaction and streamlining processes—the overall sentiment remains overwhelmingly positive. These reviews suggest that despite occasional bumps, the majority of employees find value in their roles and the organizations' commitment",,"Employees express frustration with various aspects of their job, including app functionality, customer interactions, forced reviews, treatment of veterans, and unfair treatment from management. Some highlight positive experiences but also note significant drawbacks such as difficulty in resolving customer issues due to customer behavior, lack of respect shown towards colleagues, and feeling compelled to provide negative reviews despite being part of a ""most amazing"" company. Overall, there is a mix of satisfaction and dissatisfaction among employees regarding different facets of their employment experience. Note: This summary captures the essence of the provided reviews while adhering to the specified guidelines. It avoids making assumptions"
138,Compensation,351,134,35,182,"Employee reviews across various tech giants like Apple, Google, Amazon, and Microsoft highlight mixed sentiments. Positive aspects include robust benefits packages and flexible working arrangements, which are praised for fostering supportive cultures. However, significant drawbacks involve poor management practices, limited career progression, and unfair compensation structures. Issues also arise from toxic work environments characterized by low morale, fear-based dynamics, and insecurity. Mid-level managers are often criticized for incompetence and self-promotion. Despite these challenges, employees acknowledge the importance of company commitments to benefits and financial rewards. The overall picture underscores a complex landscape where employees seek balance between personal growth and professional satisfaction amidst varied expectations and realities within the tech sector. To address these multifaceted concerns, it would be beneficial to implement measures that promote fair treatment, enhance career pathways, and foster healthier","Employee reviews indicate a mix of positive and negative experiences across various aspects of compensation, including benefits, pay, and overall satisfaction. While many praise the company culture, particularly Apple, highlighting factors like strong relationships with coworkers, excellent benefits, and a supportive management team, concerns persist regarding unequal treatment among employees, lack of transparency in promotions, and excessive workload. Additionally, some highlight issues related to management practices, such as micromanagement, favoritism, and toxic environments. Despite the presence of certain positives, the overall sentiment leans toward dissatisfaction due to perceived inequalities and inefficiencies within the company structure. These","Employees generally view the company favorably due to its strong compensation package, generous benefits, and high pay rates compared to competitors. However, they express significant dissatisfaction with the lack of meaningful engagement, particularly among lower-level staff, and the prevalence of micromanagement and poor leadership practices. Additionally, there are concerns about cultural insensitivity, such as gender biases and inadequate representation of diverse perspectives. Furthermore, the company faces criticism regarding its hierarchical structure, which can lead to stagnation and resistance to change, despite having ample opportunities for career progression. Despite these challenges, the majority of employees appreciate the company’s commitment","Employees consistently express dissatisfaction with compensation, citing inflated pay compared to market rates despite promises of a caring environment. Negative reviews highlight issues such as threats to job security, lack of career progression, and a toxic work culture characterized by constant threat of termination and favoritism towards upper management. Many employees report feeling undervalued and unsupported, leading to burnout and decreased morale. While some praise aspects like free meals and flexible schedules, overall sentiment remains predominantly negative due to perceived unfairness and lack of genuine care from management. The company culture is often described as politically charged and focused solely on maintaining profitability, with"
139,Work-Life Balance,138,67,44,27,"Employees at Amazon report a mixed view on the company culture and work environment. While they acknowledge the supportive nature of colleagues and the autonomy provided by flexible scheduling, significant challenges include unrealistic workload demands, inconsistent routing systems, and frequent policy changes leading to frustration and inefficiency. Despite occasional praise for perks like bonuses and discounted services, overall satisfaction is tempered by concerns about productivity pressures and logistical difficulties. The company offers competitive wages and benefits, but operational aspects often fail to meet expectations, especially concerning consistent performance metrics and reliable resource allocation. These factors contribute to a complex picture of both positive aspects and underlying frustrations, highlighting systemic issues within Amazon's operations and suggesting potential improvements could be made. Employees express dissatisfaction with Amazon's strict monitoring and termination policies, low pay, and limited opportunities for advancement. They also note the","Employees generally appreciate the positive aspects of working at the company, such as the supportive team culture, flexible work arrangements, and opportunities for growth. However, there are concerns regarding customer expectations, physical demands, and logistical challenges, particularly related to product delivery and scheduling. Many employees find the workload challenging, especially given the unpredictable nature of customer requests and the difficulty in meeting deadlines. Additionally, some employees express frustration with inconsistent schedules and limited resources, which impact their ability to complete tasks effectively. Despite these challenges, the majority of employees remain satisfied with their employment and believe the company offers competitive compensation and benefits. Overall","Employee reviews indicate dissatisfaction with various aspects of Amazon Flex and logistics delivery jobs, including inconsistent pay, limited opportunities, long wait times for assignments, high turnover, and poor communication between employers and employees. Many reviewers express frustration with the unpredictable nature of work schedules, frequent changes in company policies, and difficulties accessing reliable transportation options. While some praise the flexibility and autonomy offered by these roles, overall sentiment leans negative, highlighting significant challenges in terms of compensation, job security, and workplace culture. The consistent themes of frustration and disappointment underscore the widespread discontent among employees regarding their experiences in these positions. Recurring Feedback","Employees generally express dissatisfaction with contract workers delivering packages for Amazon, citing unfair treatment, low pay, and difficulty navigating complex systems. Drivers often feel undervalued and underpaid compared to full-time Amazon employees. Issues include long hours, unreliable schedules, and difficulties with technology and routing systems. Despite positive aspects such as decent pay and driving conditions, overall sentiment remains negative due to perceived mistreatment and inefficiencies. While some appreciate the flexibility offered by contract work, others criticize the lack of support and opportunities for advancement within the company. Feedback suggests that while Amazon offers a relatively straightforward route for entry-level drivers,"
140,Career Growth,397,369,14,14,"Employees at major tech companies like Amazon, Google, Facebook, and Apple generally appreciate their supportive cultures and opportunities for growth, contributing significantly to societal progress. However, they face ongoing challenges such as long-term commitment uncertainty, on-call responsibilities, bureaucratic processes, and a focus on financial success over broader goals. Despite this, employees value the sense of community and the opportunity to make substantial contributions to technology and innovation. They acknowledge the demanding nature of their roles but also see the benefits of working in an environment where they can develop professionally and personally. The overall sentiment leans towards appreciation mixed with frustration, highlighting both the positive aspects of the work culture and the need for improvement in certain areas. This reflects a complex reality where employees seek balance between professional fulfillment and the demands of their jobs. To address these issues,","Employees generally appreciate Amazon, Google, Facebook, and Apple for their supportive cultures, opportunities for growth, and significant impacts on society. However, they express concerns about on-call responsibilities, bureaucracy, and lack of autonomy in decision-making processes. While valued for their contributions, employees often face challenges balancing work demands with personal life, particularly at larger corporations like Microsoft and Apple. Despite these drawbacks, the majority view these organizations as exceptional places to work due to their collaborative environments, diverse skill sets, and transformative roles. Overall, the sentiment is predominantly positive, highlighting the value of strong leadership, mentorship, and","Employees generally appreciate the supportive nature of the workplace, with many highlighting the importance of learning best practices and feeling valued. However, concerns arise regarding career progression, where employees perceive limited opportunities for growth and rewards tied to short-term achievements rather than long-term potential. Additionally, some note challenges related to decision-making processes and a lack of autonomy, particularly in less high-profile roles. While the company is praised for its structured approach to innovation and product development, there are criticisms of bureaucracy and slow progress towards ambitious goals. Overall, the sentiment leans positive but tempered by recognition of structural limitations and perceived underutilization of","Employees express dissatisfaction with career advancement opportunities at large tech firms due to high expectations and intense competition. Many highlight the importance of personal fulfillment and meaningful contributions over material rewards. Concerns include lack of autonomy, reduced work-life balance, and perceived neglect of employee welfare. Some praise the positive aspects such as innovation, brand recognition, and customer service, while others criticize the corporate culture for prioritizing profits over individual well-being. Overall, the sentiment leans towards disappointment and calls for improvement in terms of fostering a healthier work environment and encouraging professional development. Recurring Feedback: - Lack of meaningful career progression"
141,Other,403,310,54,39,"Employees at Microsoft report a mixed experience, with both positive and negative aspects. Some appreciate the opportunity to innovate and contribute to significant projects, but also face issues like excessive meetings, unclear communication, and rigid hierarchies. Others find roles stagnant, lacking advancement opportunities, and experiencing toxic work environments. Despite varied experiences within different locations and departments, there's a general sense of dissatisfaction with corporate culture, managerial practices, and prioritization of appearance over genuine innovation and employee welfare. This complexity leads to wide-ranging individual experiences influenced by location, department, and personal interactions. Overall, employees feel frustrated with the perceived disconnect between company promises and reality. To address these concerns, it's crucial to focus on improving internal processes, fostering more transparent communication, and ensuring that all employees feel valued and empowered. Companies should","Employee reviews indicate that while some view the workplace positively due to the opportunity to develop professionally and the presence of bright and supportive cultures, others criticize the lack of clear career progression paths, frequent organizational changes, and perceived overbearing management styles. The overall sentiment leans toward a balanced perspective, acknowledging both the positives and negatives associated with the environments described. Feedback suggests that while the companies offer unique advantages, including innovative technologies and diverse skill sets, they also face challenges such as bureaucracy, limited growth opportunities, and inconsistent priorities across departments. The experiences highlight the importance of adaptability and resilience within these organizations, emphasizing the","Employee reviews indicate a diverse range of sentiments towards Amazon regarding its learning opportunities, work environments, and challenges faced. Some highlight positive aspects such as flexible working arrangements, strong compensation packages, and supportive cultures. Others criticize the company for micromanagement, inflexible schedules, and a lack of mentorship. Feedback suggests that while Amazon offers great opportunities for professional growth, it can be demanding and isolating, particularly for those seeking independence and structured work environments. Overall, the reviews reflect a complex mix of appreciation and dissatisfaction, indicating that Amazon's appeal varies significantly depending on individual preferences and circumstances. Recurring","Employees consistently highlight negative aspects of the company culture, including lack of motivation, unrealistic expectations, and a focus on external factors like brand recognition and diversity. While some praise the technical capabilities and benefits, overall sentiment leans towards dissatisfaction, citing issues with work-life balance, promotions, and a hierarchical structure. The company is described as bureaucratic, slow-moving, and prone to reorganizations, which negatively impact morale and productivity. Despite occasional mentions of engaging coworkers and cutting-edge technologies, the majority of feedback points to systemic problems that hinder professional growth and satisfaction. The tone suggests a need for improvement in areas like work-life"
142,Workplace Culture,134,125,5,4,"Employees generally appreciate the positive aspects of their workplace environments, including supportive managers, engaging colleagues, and innovative technologies. However, they also express challenges related to inconsistent schedules, lack of clear career progression paths, and perceived pressures from higher-ups. Additionally, some find the current organizational structure limiting creativity and innovation within the company. Despite these drawbacks, most employees view the overall atmosphere positively, highlighting factors like camaraderie, learning opportunities, and technological advancements. While there are instances where certain departments or individuals stand out favorably, the majority of feedback points towards broader systemic issues affecting the entire organization. Overall, while","Employees generally appreciate positive aspects of their workplace environments, such as supportive managers, engaging cultures, and beneficial benefits packages. However, they also express challenges like irregular schedules, lack of flexibility, and concerns about managerial consistency and organizational changes. Some highlight specific issues related to particular industries (e.g., retail vs. tech), while others note broader themes like the focus on metrics rather than customer satisfaction. Overall, the sentiment leans towards appreciation for the current state of affairs, though some suggest improvements in certain areas. There is a general consensus that the workplaces offer a good overall experience despite occasional difficulties. Recurring","Employees generally appreciate the fast-paced nature of their workplace, which allows them to feel productive and engaged. However, there's also some dissatisfaction regarding the lack of face-to-face interaction, which can lead to feelings of isolation. Some find the flexible working arrangements beneficial, while others prefer more structured environments where they feel more aligned with company goals. There's a perception among some that the atmosphere isn't as collaborative as it could be, despite the presence of smart and capable individuals who contribute independently. Overall, the positive aspects outweigh the negatives, but there remains room for improvement in fostering stronger connections between team members and",
143,Work-Life Balance,397,310,55,32,"Employees at both Apple and Amazon report mixed sentiments about their workplaces. Apple is praised for its positive work environment, supportive management, and comprehensive benefits package, which include excellent opportunities for career growth and development. However, employees face significant challenges such as long hours during peak seasons and limited scheduling flexibility. Despite these issues, many view Apple as an exceptional employer overall. In contrast, Amazon receives criticism for its demanding work schedule, poor work-life balance, and negative customer interactions. Although Amazon provides generous benefits, it struggles with high turnover rates and retention difficulties. Both companies offer robust benefits packages; however, Amazon’s approach to managing schedules and promoting advancement often leads to dissatisfaction among employees. The diverse experiences reflect a nuanced understanding of workplace dynamics, where satisfaction can be influenced by various factors including managerial practices, organizational culture","Employees generally appreciate Apple's positive work-life balance, including flexible scheduling and discounted perks. However, they face challenges with high demand, limited breaks, and intense competition among colleagues. Amazon offers a variety of benefits, including flexible hours and discounts, but struggles with customer behavior and turnover rates. Retail environments vary widely; some see it as a rewarding challenge, others as physically demanding and stressful. Tech startups like Apple and Amazon attract top talent, offering competitive salaries and growth potential, but require significant effort and dedication. While Microsoft provides strong parental support, it faces criticism for not accommodating working mothers effectively. Overall,","Employee reviews indicate significant variability in work-life balance across various roles within the organization. Remote work experiences vary widely; some find value in English-language interaction, while others struggle due to accent differences. Vacation availability is limited, particularly during critical phases such as pre-lease stages. Long hours are prevalent, often extending beyond typical workdays. The workforce composition includes a high percentage of recent hires, contributing to high turnover rates. Reviews highlight differing perceptions regarding benefits, with some appreciating reduced company politics and lower healthcare costs compared to competitors. However, there is criticism of micro-management practices, lack of personal space,","Employees generally praise the company's benefits, culture, and overall positive impact on their lives outside work. However, they express significant dissatisfaction with work-life balance, particularly due to mandatory weekend and holiday shifts, lack of flexibility in scheduling, and excessive workload. Many feel overworked and stressed, leading to burnout and increased turnover. Despite these challenges, the company offers generous compensation and perks, but the quality of work-life integration remains a major concern. Feedback indicates that the company places undue emphasis on productivity and efficiency, potentially sacrificing employee well-being in pursuit of success. Overall, while the company appears to excel"
144,Work-Life Balance,64,29,13,22,"Employees at Amazon often praise its comprehensive benefits package, including medical insurance, flexible work arrangements, and generous paid time off (PTO) and overtime allowances. However, they frequently report frustrations with strict scheduling policies, especially the requirement for mandatory overtime during non-peak hours, which contributes to burnout and dissatisfaction. Concerns also exist about promotion opportunities being tied to connections or previous experience rather than merit, leading to a sense of unfairness among employees. High turnover rates are attributed to perceptions that productivity is prioritized over personal well-being. While acknowledging appreciation for certain perks like VTO (voluntary time off) and PTO, many employees feel undervalued and underutilized, finding the current work environment frustrating and unsustainable. The overall sentiment leans towards criticism, highlighting both strengths and weaknesses in","Employees generally appreciate Amazon's benefits, including flexible work schedules, medical coverage, and stock options. However, they express frustration with the frequent mandatory overtime, particularly during peak seasons. Many find the physical demands of the job challenging, noting long hours and repetitive tasks such as walking and standing throughout the day. Additionally, some criticize the company's communication practices, feeling that changes in staffing levels are not communicated effectively. While positive aspects include decent pay and occasional bonuses, concerns persist regarding management's responsiveness and fairness. Overall, the workplace culture is described as supportive but requires significant effort from employees to maintain productivity and satisfaction","Employees generally appreciate the compensation package, including fair wages, benefits, and vacation time. However, they express significant dissatisfaction with their workload, particularly related to picking tasks, where they often face high rates and limited breaks. Additionally, the culture emphasizes productivity over personal well-being, leading to feelings of isolation and burnout. Despite occasional praise for leadership and customer service representatives, most employees find the pace challenging and stressful, especially during peak seasons. Feedback highlights the importance of better communication between management and workers, improved workplace conditions, and enhanced support systems for mental health. Overall, while some aspects of the job are","Employees express dissatisfaction with Amazon's work-life balance, citing poor treatment of hardworking employees, lack of recognition, discrimination, and excessive use of vacation time (VTO). Many complain about insufficient paid time off, constant monitoring, and demanding schedules. Some appreciate perks like free meals and occasional promotions, while others criticize the fast-paced nature, long hours, and unstable employment. Overall, the negative feedback outweighs positive aspects, indicating a challenging work environment despite decent compensation and benefits. Recurring Feedback: - Insufficient Paid Time Off (PTO) - Constant Monitoring and Tracking - Demanding"
145,Work-Life Balance,61,57,1,3,"Employees consistently praise the company culture, highlighting positive aspects like teamwork, supportive environment, and opportunities for growth. Many express enjoyment of the fast-paced nature of the workplace, appreciating the fairness and dedication shown towards employees. However, some mention occasional workload pressures and desire for more innovation within the organization. Overall, the sentiment is overwhelmingly positive, with few notable criticisms. The company is highly regarded for its commitment to employee well-being and satisfaction. While there may be room for improvement in terms of innovation and flexibility, the majority of employees view their current position favorably. Recurring Feedback: - Positive","Employees consistently praise the company culture, highlighting positive aspects like supportive teams, excellent customer service, and opportunities for growth. While some mention occasional workload challenges, these are generally outweighed by the overall satisfaction expressed. Many employees appreciate the company's global presence and brand recognition, viewing it as a top-tier employer globally. Positive comments include: - ""Great place"" and ""fabulous"" - ""Amazing Wonderful experiences"" - ""Best job ever"" - ""Perfect company to work in"" - ""Brilliant company to work in"" - ""Love my job"" - ""Wonderful place to work!""",,
146,Compensation,123,71,11,41,"Employees generally appreciate Microsoft's compensation packages and technological capabilities, praising the company's ability to attract top talent. However, they express frustration with decision-making processes, perceiving them as random and overly complex. Concerns about work-life balance and leadership practices are raised, with some noting a disconnect between high salaries and positive work environments. Despite these criticisms, the majority view the company favorably, indicating a complex interplay between appreciation for the company's offerings and ongoing issues related to decision-making, work-life balance, and leadership practices. The feedback highlights both strengths and weaknesses in various aspects of the company's operations and culture. To address these concerns, it may be beneficial to implement more transparent and structured decision-making processes, improve work-life balance policies, and enhance leadership training programs to foster a more inclusive and","Employees generally appreciate the positive aspects of working at Microsoft, including the supportive culture, great benefits, and opportunities for growth. However, concerns persist regarding the effectiveness of the stack ranking system, which leads to infighting and a toxic work environment. While the majority of employees believe the company provides fair compensation and benefits, some express frustration with the rigid review process and its negative impact on morale. Additionally, there is a perception that the company values individual achievements over teamwork, leading to a culture of backstabbing and infighting among employees. Overall, while Microsoft remains a highly regarded workplace, addressing the shortcomings of","Employee feedback suggests that while Microsoft offers a positive workplace environment with friendly colleagues and supportive managers, the company faces significant challenges related to compensation and performance evaluation systems (stack ranking). Many employees feel that the stack ranking system fosters unhealthy competition among peers, leading to negative reviews and ultimately contributing to high turnover rates. Despite the company's strong offerings such as cutting-edge technology and diverse problem-solving opportunities, the perception remains that the current appraisal system may discourage innovation and talent retention. Feedback indicates that improvements are needed to address these issues and align the company's practices with its stated goals of attracting top talent and fostering long","Employees generally express dissatisfaction with the compensation package, citing low salaries relative to perceived value. Negative reviews highlight chaotic processes, unclear expectations, and a toxic work environment characterized by constant finger-pointing and hidden stacking systems. While acknowledging positive aspects such as cutting-edge technology and strong benefits, employees emphasize the negative impacts of forced stack rankings, which lead to unfair evaluations and demotivation. The overall sentiment is one of frustration and disillusionment with the current structure and practices within the organization. Recurring Feedback: - Low Pay Relative to Perceived Value - Chaotic Processes - Toxically Competitive"
147,Other,78,55,8,15,"Employees generally appreciate the positive aspects of Amazon, such as the supportive community, great benefits, and opportunities for learning and growth. However, there are also significant challenges and drawbacks, including long hours, irregular schedules, inadequate parking, and frequent turnover due to favoritism and nepotism. While the company offers competitive compensation and perks, these often come with trade-offs, such as limited access to resources and a toxic work environment. Despite occasional praise for specific departments or initiatives, overall satisfaction remains mixed, with concerns about fairness, workload, and workplace culture overshadowing the positives. The company's rapid expansion","Employees generally appreciate positive aspects such as great benefits, supportive colleagues, and enjoyable environments. However, concerns include irregular schedules, lack of adequate parking, and occasional workplace distractions. Many find the commute challenging due to poor public transportation options and high costs. Despite these challenges, employees express satisfaction with overall conditions and opportunities for growth within the organization. Overall, while there are some drawbacks, the majority view the company positively. Recurring Feedback: - Irregular schedules and long commutes. - Lack of adequate parking. - Workplace distractions and noise levels. - Poor public transportation options and high costs.","Employees generally appreciate modern amenities like secure bike parking and transit passes, but express frustration with a rigid corporate structure that limits personal development opportunities. Many find the work environment demotivating, especially in retail roles. Parking options at SLU are criticized as poor. Some praise the company culture and benefits, while others criticize it for being overly bureaucratic. Feedback suggests a need for more flexibility in scheduling and better office locations. Overall, the experience varies widely depending on role and industry sector. Recurring feedback includes: - **Work Environment**: Criticized for being demotivating due to rigid expectations and lack","Employees generally have mixed feelings about their workplace. While some appreciate the positive aspects such as a great work environment, reasonable benefits, and flexible schedules, others express dissatisfaction due to strict hours, limited promotion opportunities, and concerns over favoritism and safety issues. The negative reviews highlight problems with parking, transportation, and communication within the organization, particularly regarding the handling of transfers and workload distribution. There is also criticism of the culture and leadership style, including favoritism and a toxic work environment. Despite these challenges, many employees value the benefits and overall quality of life provided by the company. However, the"
148,Work-Life Balance,94,62,23,9,"Employees generally appreciate Process Assistant's benefits and compensation, particularly health, dental, and vision coverage. However, they express dissatisfaction with management, noting lack of support from upper levels and conflicts with lower-level personnel. There is criticism regarding demanding schedules, especially during peak periods, and poor workplace morale. Growth opportunities are seen as limited, with concerns about stifling innovation and fostering burnout. Communication within the company is noted as lacking, leading to confusion and misunderstandings. Overall, employees feel underappreciated and undervalued despite their efforts, highlighting a disconnect between perceived value and actual recognition. While some","Employees appreciate Process Assistant's comprehensive benefits package, including health, dental, and vision coverage, and solid growth opportunities. However, concerns include demanding schedules, particularly during peak seasons, and lack of clear communication and support from higher management. Many feel stifled by upper-level decisions and struggle with general workplace morale. While some praise the fast-paced nature of the role, others express frustration over constant changes and pressure to adapt quickly. Overall, employees value the company culture and supportive relationships among colleagues, though they also highlight significant areas for improvement in terms of management support and career progression. Feedback suggests a need for clearer","Employee feedback indicates a mix of positives and negatives regarding work-life balance across different roles. While some employees appreciate the fast-paced environment, flexible working conditions, and opportunities for personal growth, others criticize the lack of recognition and appreciation from management. There is also concern about high turnover rates, particularly among lower-tier positions like Process Assistants, which may indicate dissatisfaction with compensation and career progression. Additionally, there are complaints about inconsistent leadership, unclear direction from management, and limited opportunities for advancement. Overall, while employees generally value the benefits offered, such as stock options and health insurance, they express frustration with the perceived","Employees express frustration with the pace and lack of support in their roles, particularly regarding learning new systems and processes. There is also concern over accountability and recognition within the organization. Benefits are generally seen positively but with some reservations about communication and development opportunities. The overall sentiment leans towards dissatisfaction due to perceived unfairness and lack of resources. While some areas like compensation and benefits are noted favorably, others such as management support and career progression are criticized. The workplace culture is described as fast-paced and sometimes stressful, with little emphasis on personal well-being or professional growth. Overall, employees feel under-supported and underval"
149,Workplace Culture,486,301,87,98,"Employees generally appreciate the innovative nature of Microsoft, particularly in terms of technology and product development. However, they frequently express frustration with the company's hierarchical structure, lack of collaboration between departments, and toxic working environments. Many feel undervalued due to micromanagement and a focus on short-term goals over long-term success. Additionally, there is concern about the company's ability to retain talented employees, especially in roles requiring soft skills like communication and teamwork. Despite these challenges, employees acknowledge the importance of Microsoft's technological prowess and the opportunities for growth within the company. While some companies offer exceptional environments and cultures, others struggle with productivity and engagement. The key takeaway is that it's crucial to consider cultural fit, personal preferences, and specific roles when evaluating potential workplaces. To improve overall satisfaction, companies should","Employee feedback indicates a diverse range of positive and negative views across various industries and locations. While some praise the strong work culture, efficient pace, and supportive benefits, others express concerns about burnout, limited career advancement opportunities, and rigid hierarchical structures. Mixed opinions exist regarding the effectiveness of management practices, particularly in terms of promoting diversity and inclusivity. Overall, the sentiment leans towards appreciation for the company culture and benefits, though challenges related to workload, mobility, and cultural alignment remain significant barriers to satisfaction. The data suggests a complex landscape where certain aspects of the workplace culture are highly valued, yet others face","Employees generally appreciate the vast scope and international reach of Apple's IS&T division, praising its ability to foster skill growth through diverse projects and contractor management. However, they express significant frustration with the chaotic management style, frequent personnel turnover, and lack of clear direction from upper management. Technical challenges are highlighted as both motivating and demotivating factors, with employees noting the importance of adaptability and problem-solving skills. Despite the positive aspects, the culture is often described as disorganized, with little emphasis on teamwork or innovation. The fast-paced nature of the company is seen as both beneficial and detrimental, with employees","Employees consistently express frustration with Apple's lack of clear processes and communication, leading to inefficiencies and uncertainty about workload. They praise the company's innovative culture and talented workforce but criticize the aggressive work environment, limited resources, and micromanagement. Many feel undervalued due to inconsistent rewards and recognition. Despite positive aspects like autonomy and technology access, the overall atmosphere is described as toxic and unproductive, particularly concerning the lack of proper planning and execution. Feedback highlights a disconnect between management and staff, contributing to a sense of disengagement and underutilization of talent. While some appreciate the company's"
150,Workplace Culture,180,151,18,11,"Employees consistently praise Apple's culture, benefits, and intelligence, particularly praising the quality of work and learning opportunities. However, they express frustration with the high demand for performance-based raises and the perceived lack of upward mobility within the company. Some note the demanding nature of the work environment, especially during peak periods, and the difficulty of finding meaningful career progression paths. Despite these criticisms, the majority view Apple as a highly desirable employer due to its unique blend of innovation and supportive culture. Recurring Feedback: - High satisfaction with culture, benefits, and intelligence. - Struggles with performance-based","Employees consistently praise the positive aspects of workplace culture across various industries, highlighting factors such as high pay, supportive environments, and diverse benefits. While some note drawbacks related to larger corporations, call centers, and retail settings, these criticisms are largely outweighed by the overwhelming positivity expressed regarding the quality of life and professional development opportunities provided by these organizations. The culture appears to foster innovation, collaboration, and personal growth, attracting talent regardless of industry type. Despite occasional frustrations with bureaucratic procedures and limited upward mobility, the majority view these challenges as minor compared to the significant advantages offered by the companies. Overall, the sentiment","Employees generally appreciate the positive aspects of the workplace culture, such as the supportive environment, diverse teams, and opportunities for growth. However, there are also concerns about the lack of advancement opportunities, high turnover rates, and perceived unfair treatment. Additionally, some employees feel undervalued compared to external competitors, particularly regarding salary and benefits. While the company has implemented various perks like flexible work arrangements and training programs, these may not fully address underlying issues related to organizational structure and leadership style. Overall, while the culture is seen as vibrant and inclusive, it faces challenges in terms of career progression and fairness.","Employees consistently express dissatisfaction with Apple's workplace culture, citing a lack of genuine engagement from leadership, poor communication, and a perceived divide between management and employees. Many describe a toxic atmosphere characterized by micromanagement, cliquish behavior, and a focus on short-term goals rather than long-term development. Despite positive aspects such as decent pay and benefits, employees feel undervalued and disconnected from their colleagues. There is also criticism regarding the company's reputation, suggesting that while it may be seen as prestigious, its actual culture falls short of expectations. Overall, the feedback highlights a need for improvement in"
151,Work-Life Balance,152,101,32,19,"Employees at Amazon have mixed views regarding work-life balance. Many appreciate the company's dedication and innovative spirit but express concerns over inconsistent workloads, limited resources, and perceived unfair treatment due to the company's frugal approach. Despite focusing on customer satisfaction, employees feel undervalued and under-supported, especially in areas such as compensation, benefits, and career advancement opportunities. The overall tone is one of appreciation for the company's mission while acknowledging its shortcomings in fairness and equity. This reflects a nuanced understanding of Amazon's culture and practices. The summary captures both the general consensus and specific recurring issues mentioned in the partial summaries. It preserves the key sentiments expressed by employees, highlighting the complexity of their experiences within the company. The final paragraph provides an objective analysis of the feedback, summarizing the main themes","Employees consistently praise the positive aspects of the work-life balance, including dedication, intelligence, helpfulness, and supportive colleagues. However, they express frustration with the lack of investment in employees' growth and development, particularly in terms of resources and benefits. Many highlight the company's commitment to customer-centricity and innovation, yet criticize the frugal approach, leading to perceived unfair treatment of employees. While some appreciate the fast-paced nature and autonomy offered by the position, others find the demanding schedule and limited flexibility challenging. Overall, the feedback suggests a balanced view of the positives and negatives, with a strong emphasis on","Employees generally appreciate Amazon's flexible work arrangements and innovative approach to technology development. However, there are significant concerns regarding work-life balance, particularly noting poor quality equipment, limited resources, and excessive managerial scrutiny. Many feel that Amazon prioritizes profit margins over employee welfare, leading to a culture of frugality that stifles creativity and innovation. Despite these criticisms, the company remains popular among tech professionals due to its fast-paced environment and emphasis on learning and growth. While some see potential in Amazon's lean corporate culture, others criticize the lack of benefits and perceived unfair treatment of employees. Overall, the sentiment","Employees consistently express dissatisfaction with Amazon's work-life balance, citing high turnover due to the demanding nature of their roles, lack of flexibility, and perceived unfair compensation practices. While acknowledging positive aspects such as strong relationships with colleagues and opportunities for professional growth, many feel undervalued and underpaid compared to competitors. Feedback highlights issues related to excessive workload, insufficient resources, and a culture that prioritizes efficiency over employee welfare. Despite occasional mentions of innovative projects and supportive peer networks, overall sentiment remains negative, particularly regarding financial stability and work-life integration. The company's reputation for being ""penny wise and pound"
152,Benefits,176,96,14,66,"Employees generally appreciate the benefits provided by Microsoft, including healthcare coverage and discounts on Apple products. However, they often express frustration with the company culture, particularly regarding management practices such as micromanagement and lack of career progression opportunities. Many find the work challenging and demanding, with long hours and inconsistent priorities. Additionally, there are concerns about the impact of these conditions on mental and physical health. Despite the positive aspects, employees frequently report dissatisfaction with the overall work environment, including perceived favoritism toward certain departments or individuals. Overall, while the benefits are valued, the negative aspects significantly outweigh the positives, leading","Employees generally appreciate the company's commitment to customer satisfaction through personalized service and benefits packages. However, concerns include long hours, lack of career advancement opportunities, and perceived political interference in decision-making processes. Despite these challenges, many find the benefits and overall work environment rewarding. Customer interactions can be inconsistent, leading to varying levels of satisfaction among employees. The review system appears to be flawed, potentially skewing rankings based on subjective factors rather than objective performance metrics. Overall, while the company offers generous benefits and a supportive culture, the demanding workload and limited upward mobility hinder long-term engagement and career progression. To address","Employees generally find the benefits package acceptable, though there is significant variation in opinion. Some appreciate specific aspects such as stock options, while others criticize the lack of opportunities for advancement and the perceived lack of personal attention. The overall sentiment leans slightly negative due to concerns about fairness, workload, and potential downsides like reduced benefits for part-time workers. There is also criticism regarding the company culture, which some find cutthroat, while others see it as supportive. The benefits themselves are described as adequate but not exceptional, with varying levels of satisfaction across different departments and roles. Overall, the experience varies widely among employees","Employees consistently express dissatisfaction with AppleCare's lack of employee support and benefits, citing reduced work-life balance, decreased respect for time off, and a focus on profit rather than employee well-being. Many describe a decline in perks such as health benefits and public transportation reimbursement, while others criticize the company culture for prioritizing efficiency over individual growth and satisfaction. Despite occasional praise for certain aspects like health benefits, overall sentiment remains negative, highlighting a disconnect between perceived value and actual experience among frontline workers. The recurring theme of management disregarding employee input and implementing policies detrimental to staff morale further exacerbates the issue. These"
153,Leadership,226,155,52,19,"Employees generally appreciate the company's innovative culture, global reach, and diverse teams, but they express significant concerns about leadership dynamics. Some executives view promotions as preserving existing power structures rather than advancing talent, leading to frustration. Concerns include excessive bureaucracy, lack of genuine interest in business outcomes, high-stress environments, and poor leadership. Mixed feelings exist regarding compensation, with appreciation for generous benefits offset by perceptions that salaries do not reflect the company's growth. Satisfaction varies widely across departments; while some praise dynamic environments, others criticize toxic cultures and micromanagement. Despite these issues, employees remain enthusiastic about the company's potential for continued growth and innovation. The recurring themes highlight frustrations with bureaucratic processes, lack of alignment with business goals, high stress, and poor leadership, which discourage collaboration and innovation. Overall","Employees generally praise the company's innovative culture, global reach, and commitment to product development. However, they express frustration with the rise of a hierarchical management style, leading to conflicts among peers and resentment toward upper-level executives. Concerns also arise regarding the company's decision-making processes, particularly in areas like finance and operations, where employees feel undervalued and overlooked. Despite these challenges, the majority of employees remain satisfied with their work environment and overall satisfaction with the company's mission and values. The company's rapid expansion and international presence offer significant opportunities for growth, but may also present obstacles related to cultural","Employees generally appreciate the innovative nature of these companies, with many highlighting the potential for growth and technological advancement. However, concerns arise regarding work-life balance, micromanagement, and a perceived lack of support for personal development. There is also criticism of cultures characterized as cutthroat, toxic, or overly hierarchical, where promotions and career progression are seen as politically influenced. Additionally, some reports indicate significant infighting and a preference for maintaining existing structures over embracing change. These dynamics contribute to feelings of stagnation and frustration among employees. Overall, while the companies offer promising prospects, the environment appears challenging and unpredictable,","Employees express dissatisfaction with various aspects of their workplace, including: - **Management**: Criticized for being overly hierarchical, lacking transparency, and focusing primarily on maintaining the status quo rather than fostering growth or innovation. - **Career Development**: Many feel their careers are unclear and lack progression opportunities within the organization. - **Work Environment**: Employees describe a culture marked by high turnover rates, poor communication, and a lack of support for long-term goals. - **Productivity and Innovation**: Concerns over limited resources, outdated practices, and a perceived lack of genuine effort towards creating meaningful changes within the company."
